"Label (Grouping)","Census Tract 9701.01, Carteret County, North Carolina!!Households!!Estimate","Census Tract 9701.01, Carteret County, North Carolina!!Households!!Margin of Error","Census Tract 9701.01, Carteret County, North Carolina!!Families!!Estimate","Census Tract 9701.01, Carteret County, North Carolina!!Families!!Margin of Error","Census Tract 9701.01, Carteret County, North Carolina!!Married-couple families!!Estimate","Census Tract 9701.01, Carteret County, North Carolina!!Married-couple families!!Margin of Error","Census Tract 9701.01, Carteret County, North Carolina!!Nonfamily households!!Estimate","Census Tract 9701.01, Carteret County, North Carolina!!Nonfamily households!!Margin of Error","Census Tract 9701.02, Carteret County, North Carolina!!Households!!Estimate","Census Tract 9701.02, Carteret County, North Carolina!!Households!!Margin of Error","Census Tract 9701.02, Carteret County, North Carolina!!Families!!Estimate","Census Tract 9701.02, Carteret County, North Carolina!!Families!!Margin of Error","Census Tract 9701.02, Carteret County, North Carolina!!Married-couple families!!Estimate","Census Tract 9701.02, Carteret County, North Carolina!!Married-couple families!!Margin of Error","Census Tract 9701.02, Carteret County, North Carolina!!Nonfamily households!!Estimate","Census Tract 9701.02, Carteret County, North Carolina!!Nonfamily households!!Margin of Error","Census Tract 9701.03, Carteret County, North Carolina!!Households!!Estimate","Census Tract 9701.03, Carteret County, North Carolina!!Households!!Margin of Error","Census Tract 9701.03, Carteret County, North Carolina!!Families!!Estimate","Census Tract 9701.03, Carteret County, North Carolina!!Families!!Margin of Error","Census Tract 9701.03, Carteret County, North Carolina!!Married-couple families!!Estimate","Census Tract 9701.03, Carteret County, North Carolina!!Married-couple families!!Margin of Error","Census Tract 9701.03, Carteret County, North Carolina!!Nonfamily households!!Estimate","Census Tract 9701.03, Carteret County, North Carolina!!Nonfamily households!!Margin of Error","Census Tract 9702, Carteret County, North Carolina!!Households!!Estimate","Census Tract 9702, Carteret County, North Carolina!!Households!!Margin of Error","Census Tract 9702, Carteret County, North Carolina!!Families!!Estimate","Census Tract 9702, Carteret County, North Carolina!!Families!!Margin of Error","Census Tract 9702, Carteret County, North Carolina!!Married-couple families!!Estimate","Census Tract 9702, Carteret County, North Carolina!!Married-couple families!!Margin of Error","Census Tract 9702, Carteret County, North Carolina!!Nonfamily households!!Estimate","Census Tract 9702, Carteret County, North Carolina!!Nonfamily households!!Margin of Error","Census Tract 9703.01, Carteret County, North Carolina!!Households!!Estimate","Census Tract 9703.01, Carteret County, North Carolina!!Households!!Margin of Error","Census Tract 9703.01, Carteret County, North Carolina!!Families!!Estimate","Census Tract 9703.01, Carteret County, North Carolina!!Families!!Margin of Error","Census Tract 9703.01, Carteret County, North Carolina!!Married-couple families!!Estimate","Census Tract 9703.01, Carteret County, North Carolina!!Married-couple families!!Margin of Error","Census Tract 9703.01, Carteret County, North Carolina!!Nonfamily households!!Estimate","Census Tract 9703.01, Carteret County, North Carolina!!Nonfamily households!!Margin of Error","Census Tract 9703.04, Carteret County, North Carolina!!Households!!Estimate","Census Tract 9703.04, Carteret County, North Carolina!!Households!!Margin of Error","Census Tract 9703.04, Carteret County, North Carolina!!Families!!Estimate","Census Tract 9703.04, Carteret County, North Carolina!!Families!!Margin of Error","Census Tract 9703.04, Carteret County, North Carolina!!Married-couple families!!Estimate","Census Tract 9703.04, Carteret County, North Carolina!!Married-couple families!!Margin of Error","Census Tract 9703.04, Carteret County, North Carolina!!Nonfamily households!!Estimate","Census Tract 9703.04, Carteret County, North Carolina!!Nonfamily households!!Margin of Error","Census Tract 9703.05, Carteret County, North Carolina!!Households!!Estimate","Census Tract 9703.05, Carteret County, North Carolina!!Households!!Margin of Error","Census Tract 9703.05, Carteret County, North Carolina!!Families!!Estimate","Census Tract 9703.05, Carteret County, North Carolina!!Families!!Margin of Error","Census Tract 9703.05, Carteret County, North Carolina!!Married-couple families!!Estimate","Census Tract 9703.05, Carteret County, North Carolina!!Married-couple families!!Margin of Error","Census Tract 9703.05, Carteret County, North Carolina!!Nonfamily households!!Estimate","Census Tract 9703.05, Carteret County, North Carolina!!Nonfamily households!!Margin of Error","Census Tract 9704.01, Carteret County, North Carolina!!Households!!Estimate","Census Tract 9704.01, Carteret County, North Carolina!!Households!!Margin of Error","Census Tract 9704.01, Carteret County, North Carolina!!Families!!Estimate","Census Tract 9704.01, Carteret County, North Carolina!!Families!!Margin of Error","Census Tract 9704.01, Carteret County, North Carolina!!Married-couple families!!Estimate","Census Tract 9704.01, Carteret County, North Carolina!!Married-couple families!!Margin of Error","Census Tract 9704.01, Carteret County, North Carolina!!Nonfamily households!!Estimate","Census Tract 9704.01, Carteret County, North Carolina!!Nonfamily households!!Margin of Error","Census Tract 9704.02, Carteret County, North Carolina!!Households!!Estimate","Census Tract 9704.02, Carteret County, North Carolina!!Households!!Margin of Error","Census Tract 9704.02, Carteret County, North Carolina!!Families!!Estimate","Census Tract 9704.02, Carteret County, North Carolina!!Families!!Margin of Error","Census Tract 9704.02, Carteret County, North Carolina!!Married-couple families!!Estimate","Census Tract 9704.02, Carteret County, North Carolina!!Married-couple families!!Margin of Error","Census Tract 9704.02, Carteret County, North Carolina!!Nonfamily households!!Estimate","Census Tract 9704.02, Carteret County, North Carolina!!Nonfamily households!!Margin of Error","Census Tract 9704.03, Carteret County, North Carolina!!Households!!Estimate","Census Tract 9704.03, Carteret County, North Carolina!!Households!!Margin of Error","Census Tract 9704.03, Carteret County, North Carolina!!Families!!Estimate","Census Tract 9704.03, Carteret County, North Carolina!!Families!!Margin of Error","Census Tract 9704.03, Carteret County, North Carolina!!Married-couple families!!Estimate","Census Tract 9704.03, Carteret County, North Carolina!!Married-couple families!!Margin of Error","Census Tract 9704.03, Carteret County, North Carolina!!Nonfamily households!!Estimate","Census Tract 9704.03, Carteret County, North Carolina!!Nonfamily households!!Margin of Error","Census Tract 9705.01, Carteret County, North Carolina!!Households!!Estimate","Census Tract 9705.01, Carteret County, North Carolina!!Households!!Margin of Error","Census Tract 9705.01, Carteret County, North Carolina!!Families!!Estimate","Census Tract 9705.01, Carteret County, North Carolina!!Families!!Margin of Error","Census Tract 9705.01, Carteret County, North Carolina!!Married-couple families!!Estimate","Census Tract 9705.01, Carteret County, North Carolina!!Married-couple families!!Margin of Error","Census Tract 9705.01, Carteret County, North Carolina!!Nonfamily households!!Estimate","Census Tract 9705.01, Carteret County, North Carolina!!Nonfamily households!!Margin of Error","Census Tract 9705.02, Carteret County, North Carolina!!Households!!Estimate","Census Tract 9705.02, Carteret County, North Carolina!!Households!!Margin of Error","Census Tract 9705.02, Carteret County, North Carolina!!Families!!Estimate","Census Tract 9705.02, Carteret County, North Carolina!!Families!!Margin of Error","Census Tract 9705.02, Carteret County, North Carolina!!Married-couple families!!Estimate","Census Tract 9705.02, Carteret County, North Carolina!!Married-couple families!!Margin of Error","Census Tract 9705.02, Carteret County, North Carolina!!Nonfamily households!!Estimate","Census Tract 9705.02, Carteret County, North Carolina!!Nonfamily households!!Margin of Error","Census Tract 9705.03, Carteret County, North Carolina!!Households!!Estimate","Census Tract 9705.03, Carteret County, North Carolina!!Households!!Margin of Error","Census Tract 9705.03, Carteret County, North Carolina!!Families!!Estimate","Census Tract 9705.03, Carteret County, North Carolina!!Families!!Margin of Error","Census Tract 9705.03, Carteret County, North Carolina!!Married-couple families!!Estimate","Census Tract 9705.03, Carteret County, North Carolina!!Married-couple families!!Margin of Error","Census Tract 9705.03, Carteret County, North Carolina!!Nonfamily households!!Estimate","Census Tract 9705.03, Carteret County, North Carolina!!Nonfamily households!!Margin of Error","Census Tract 9705.04, Carteret County, North Carolina!!Households!!Estimate","Census Tract 9705.04, Carteret County, North Carolina!!Households!!Margin of Error","Census Tract 9705.04, Carteret County, North Carolina!!Families!!Estimate","Census Tract 9705.04, Carteret County, North Carolina!!Families!!Margin of Error","Census Tract 9705.04, Carteret County, North Carolina!!Married-couple families!!Estimate","Census Tract 9705.04, Carteret County, North Carolina!!Married-couple families!!Margin of Error","Census Tract 9705.04, Carteret County, North Carolina!!Nonfamily households!!Estimate","Census Tract 9705.04, Carteret County, North Carolina!!Nonfamily households!!Margin of Error","Census Tract 9706.01, Carteret County, North Carolina!!Households!!Estimate","Census Tract 9706.01, Carteret County, North Carolina!!Households!!Margin of Error","Census Tract 9706.01, Carteret County, North Carolina!!Families!!Estimate","Census Tract 9706.01, Carteret County, North Carolina!!Families!!Margin of Error","Census Tract 9706.01, Carteret County, North Carolina!!Married-couple families!!Estimate","Census Tract 9706.01, Carteret County, North Carolina!!Married-couple families!!Margin of Error","Census Tract 9706.01, Carteret County, North Carolina!!Nonfamily households!!Estimate","Census Tract 9706.01, Carteret County, North Carolina!!Nonfamily households!!Margin of Error","Census Tract 9706.02, Carteret County, North Carolina!!Households!!Estimate","Census Tract 9706.02, Carteret County, North Carolina!!Households!!Margin of Error","Census Tract 9706.02, Carteret County, North Carolina!!Families!!Estimate","Census Tract 9706.02, Carteret County, North Carolina!!Families!!Margin of Error","Census Tract 9706.02, Carteret County, North Carolina!!Married-couple families!!Estimate","Census Tract 9706.02, Carteret County, North Carolina!!Married-couple families!!Margin of Error","Census Tract 9706.02, Carteret County, North Carolina!!Nonfamily households!!Estimate","Census Tract 9706.02, Carteret County, North Carolina!!Nonfamily households!!Margin of Error","Census Tract 9706.03, Carteret County, North Carolina!!Households!!Estimate","Census Tract 9706.03, Carteret County, North Carolina!!Households!!Margin of Error","Census Tract 9706.03, Carteret County, North Carolina!!Families!!Estimate","Census Tract 9706.03, Carteret County, North Carolina!!Families!!Margin of Error","Census Tract 9706.03, Carteret County, North Carolina!!Married-couple families!!Estimate","Census Tract 9706.03, Carteret County, North Carolina!!Married-couple families!!Margin of Error","Census Tract 9706.03, Carteret County, North Carolina!!Nonfamily households!!Estimate","Census Tract 9706.03, Carteret County, North Carolina!!Nonfamily households!!Margin of Error","Census Tract 9706.06, Carteret County, North Carolina!!Households!!Estimate","Census Tract 9706.06, Carteret County, North Carolina!!Households!!Margin of Error","Census Tract 9706.06, Carteret County, North Carolina!!Families!!Estimate","Census Tract 9706.06, Carteret County, North Carolina!!Families!!Margin of Error","Census Tract 9706.06, Carteret County, North Carolina!!Married-couple families!!Estimate","Census Tract 9706.06, Carteret County, North Carolina!!Married-couple families!!Margin of Error","Census Tract 9706.06, Carteret County, North Carolina!!Nonfamily households!!Estimate","Census Tract 9706.06, Carteret County, North Carolina!!Nonfamily households!!Margin of Error","Census Tract 9707.01, Carteret County, North Carolina!!Households!!Estimate","Census Tract 9707.01, Carteret County, North Carolina!!Households!!Margin of Error","Census Tract 9707.01, Carteret County, North Carolina!!Families!!Estimate","Census Tract 9707.01, Carteret County, North Carolina!!Families!!Margin of Error","Census Tract 9707.01, Carteret County, North Carolina!!Married-couple families!!Estimate","Census Tract 9707.01, Carteret County, North Carolina!!Married-couple families!!Margin of Error","Census Tract 9707.01, Carteret County, North Carolina!!Nonfamily households!!Estimate","Census Tract 9707.01, Carteret County, North Carolina!!Nonfamily households!!Margin of Error","Census Tract 9707.02, Carteret County, North Carolina!!Households!!Estimate","Census Tract 9707.02, Carteret County, North Carolina!!Households!!Margin of Error","Census Tract 9707.02, Carteret County, North Carolina!!Families!!Estimate","Census Tract 9707.02, Carteret County, North Carolina!!Families!!Margin of Error","Census Tract 9707.02, Carteret County, North Carolina!!Married-couple families!!Estimate","Census Tract 9707.02, Carteret County, North Carolina!!Married-couple families!!Margin of Error","Census Tract 9707.02, Carteret County, North Carolina!!Nonfamily households!!Estimate","Census Tract 9707.02, Carteret County, North Carolina!!Nonfamily households!!Margin of Error","Census Tract 9707.03, Carteret County, North Carolina!!Households!!Estimate","Census Tract 9707.03, Carteret County, North Carolina!!Households!!Margin of Error","Census Tract 9707.03, Carteret County, North Carolina!!Families!!Estimate","Census Tract 9707.03, Carteret County, North Carolina!!Families!!Margin of Error","Census Tract 9707.03, Carteret County, North Carolina!!Married-couple families!!Estimate","Census Tract 9707.03, Carteret County, North Carolina!!Married-couple families!!Margin of Error","Census Tract 9707.03, Carteret County, North Carolina!!Nonfamily households!!Estimate","Census Tract 9707.03, Carteret County, North Carolina!!Nonfamily households!!Margin of Error","Census Tract 9707.04, Carteret County, North Carolina!!Households!!Estimate","Census Tract 9707.04, Carteret County, North Carolina!!Households!!Margin of Error","Census Tract 9707.04, Carteret County, North Carolina!!Families!!Estimate","Census Tract 9707.04, Carteret County, North Carolina!!Families!!Margin of Error","Census Tract 9707.04, Carteret County, North Carolina!!Married-couple families!!Estimate","Census Tract 9707.04, Carteret County, North Carolina!!Married-couple families!!Margin of Error","Census Tract 9707.04, Carteret County, North Carolina!!Nonfamily households!!Estimate","Census Tract 9707.04, Carteret County, North Carolina!!Nonfamily households!!Margin of Error","Census Tract 9708.01, Carteret County, North Carolina!!Households!!Estimate","Census Tract 9708.01, Carteret County, North Carolina!!Households!!Margin of Error","Census Tract 9708.01, Carteret County, North Carolina!!Families!!Estimate","Census Tract 9708.01, Carteret County, North Carolina!!Families!!Margin of Error","Census Tract 9708.01, Carteret County, North Carolina!!Married-couple families!!Estimate","Census Tract 9708.01, Carteret County, North Carolina!!Married-couple families!!Margin of Error","Census Tract 9708.01, Carteret County, North Carolina!!Nonfamily households!!Estimate","Census Tract 9708.01, Carteret County, North Carolina!!Nonfamily households!!Margin of Error","Census Tract 9708.04, Carteret County, North Carolina!!Households!!Estimate","Census Tract 9708.04, Carteret County, North Carolina!!Households!!Margin of Error","Census Tract 9708.04, Carteret County, North Carolina!!Families!!Estimate","Census Tract 9708.04, Carteret County, North Carolina!!Families!!Margin of Error","Census Tract 9708.04, Carteret County, North Carolina!!Married-couple families!!Estimate","Census Tract 9708.04, Carteret County, North Carolina!!Married-couple families!!Margin of Error","Census Tract 9708.04, Carteret County, North Carolina!!Nonfamily households!!Estimate","Census Tract 9708.04, Carteret County, North Carolina!!Nonfamily households!!Margin of Error","Census Tract 9708.05, Carteret County, North Carolina!!Households!!Estimate","Census Tract 9708.05, Carteret County, North Carolina!!Households!!Margin of Error","Census Tract 9708.05, Carteret County, North Carolina!!Families!!Estimate","Census Tract 9708.05, Carteret County, North Carolina!!Families!!Margin of Error","Census Tract 9708.05, Carteret County, North Carolina!!Married-couple families!!Estimate","Census Tract 9708.05, Carteret County, North Carolina!!Married-couple families!!Margin of Error","Census Tract 9708.05, Carteret County, North Carolina!!Nonfamily households!!Estimate","Census Tract 9708.05, Carteret County, North Carolina!!Nonfamily households!!Margin of Error","Census Tract 9708.06, Carteret County, North Carolina!!Households!!Estimate","Census Tract 9708.06, Carteret County, North Carolina!!Households!!Margin of Error","Census Tract 9708.06, Carteret County, North Carolina!!Families!!Estimate","Census Tract 9708.06, Carteret County, North Carolina!!Families!!Margin of Error","Census Tract 9708.06, Carteret County, North Carolina!!Married-couple families!!Estimate","Census Tract 9708.06, Carteret County, North Carolina!!Married-couple families!!Margin of Error","Census Tract 9708.06, Carteret County, North Carolina!!Nonfamily households!!Estimate","Census Tract 9708.06, Carteret County, North Carolina!!Nonfamily households!!Margin of Error","Census Tract 9709.03, Carteret County, North Carolina!!Households!!Estimate","Census Tract 9709.03, Carteret County, North Carolina!!Households!!Margin of Error","Census Tract 9709.03, Carteret County, North Carolina!!Families!!Estimate","Census Tract 9709.03, Carteret County, North Carolina!!Families!!Margin of Error","Census Tract 9709.03, Carteret County, North Carolina!!Married-couple families!!Estimate","Census Tract 9709.03, Carteret County, North Carolina!!Married-couple families!!Margin of Error","Census Tract 9709.03, Carteret County, North Carolina!!Nonfamily households!!Estimate","Census Tract 9709.03, Carteret County, North Carolina!!Nonfamily households!!Margin of Error","Census Tract 9709.04, Carteret County, North Carolina!!Households!!Estimate","Census Tract 9709.04, Carteret County, North Carolina!!Households!!Margin of Error","Census Tract 9709.04, Carteret County, North Carolina!!Families!!Estimate","Census Tract 9709.04, Carteret County, North Carolina!!Families!!Margin of Error","Census Tract 9709.04, Carteret County, North Carolina!!Married-couple families!!Estimate","Census Tract 9709.04, Carteret County, North Carolina!!Married-couple families!!Margin of Error","Census Tract 9709.04, Carteret County, North Carolina!!Nonfamily households!!Estimate","Census Tract 9709.04, Carteret County, North Carolina!!Nonfamily households!!Margin of Error","Census Tract 9710.03, Carteret County, North Carolina!!Households!!Estimate","Census Tract 9710.03, Carteret County, North Carolina!!Households!!Margin of Error","Census Tract 9710.03, Carteret County, North Carolina!!Families!!Estimate","Census Tract 9710.03, Carteret County, North Carolina!!Families!!Margin of Error","Census Tract 9710.03, Carteret County, North Carolina!!Married-couple families!!Estimate","Census Tract 9710.03, Carteret County, North Carolina!!Married-couple families!!Margin of Error","Census Tract 9710.03, Carteret County, North Carolina!!Nonfamily households!!Estimate","Census Tract 9710.03, Carteret County, North Carolina!!Nonfamily households!!Margin of Error","Census Tract 9711.03, Carteret County, North Carolina!!Households!!Estimate","Census Tract 9711.03, Carteret County, North Carolina!!Households!!Margin of Error","Census Tract 9711.03, Carteret County, North Carolina!!Families!!Estimate","Census Tract 9711.03, Carteret County, North Carolina!!Families!!Margin of Error","Census Tract 9711.03, Carteret County, North Carolina!!Married-couple families!!Estimate","Census Tract 9711.03, Carteret County, North Carolina!!Married-couple families!!Margin of Error","Census Tract 9711.03, Carteret County, North Carolina!!Nonfamily households!!Estimate","Census Tract 9711.03, Carteret County, North Carolina!!Nonfamily households!!Margin of Error","Census Tract 9801, Carteret County, North Carolina!!Households!!Estimate","Census Tract 9801, Carteret County, North Carolina!!Households!!Margin of Error","Census Tract 9801, Carteret County, North Carolina!!Families!!Estimate","Census Tract 9801, Carteret County, North Carolina!!Families!!Margin of Error","Census Tract 9801, Carteret County, North Carolina!!Married-couple families!!Estimate","Census Tract 9801, Carteret County, North Carolina!!Married-couple families!!Margin of Error","Census Tract 9801, Carteret County, North Carolina!!Nonfamily households!!Estimate","Census Tract 9801, Carteret County, North Carolina!!Nonfamily households!!Margin of Error","Census Tract 9901, Carteret County, North Carolina!!Households!!Estimate","Census Tract 9901, Carteret County, North Carolina!!Households!!Margin of Error","Census Tract 9901, Carteret County, North Carolina!!Families!!Estimate","Census Tract 9901, Carteret County, North Carolina!!Families!!Margin of Error","Census Tract 9901, Carteret County, North Carolina!!Married-couple families!!Estimate","Census Tract 9901, Carteret County, North Carolina!!Married-couple families!!Margin of Error","Census Tract 9901, Carteret County, North Carolina!!Nonfamily households!!Estimate","Census Tract 9901, Carteret County, North Carolina!!Nonfamily households!!Margin of Error","Census Tract 9902, Carteret County, North Carolina!!Households!!Estimate","Census Tract 9902, Carteret County, North Carolina!!Households!!Margin of Error","Census Tract 9902, Carteret County, North Carolina!!Families!!Estimate","Census Tract 9902, Carteret County, North Carolina!!Families!!Margin of Error","Census Tract 9902, Carteret County, North Carolina!!Married-couple families!!Estimate","Census Tract 9902, Carteret County, North Carolina!!Married-couple families!!Margin of Error","Census Tract 9902, Carteret County, North Carolina!!Nonfamily households!!Estimate","Census Tract 9902, Carteret County, North Carolina!!Nonfamily households!!Margin of Error"
"Total","347","±69","261","±64","189","±68","86","±42","1,226","±260","719","±146","661","±148","507","±257","1,076","±142","699","±133","430","±108","377","±135","516","±85","377","±64","313","±58","139","±64","2,064","±243","1,214","±188","982","±166","850","±264","1,108","±127","672","±113","441","±100","436","±127","856","±141","467","±97","345","±89","389","±113","911","±156","199","±55","132","±47","712","±157","709","±141","365","±69","194","±50","344","±127","635","±116","289","±71","167","±37","346","±109","1,286","±165","782","±161","524","±148","504","±135","1,010","±143","712","±108","583","±73","298","±89","1,046","±124","584","±107","441","±99","462","±113","781","±121","525","±81","495","±81","256","±108","434","±72","327","±62","275","±65","107","±52","495","±94","357","±92","309","±77","138","±61","540","±88","413","±90","230","±49","127","±46","1,728","±188","1,107","±153","982","±154","621","±155","516","±111","357","±73","313","±75","159","±85","1,368","±180","983","±182","811","±182","385","±130","1,687","±238","1,130","±189","947","±195","557","±200","899","±120","732","±122","623","±121","167","±58","1,144","±95","871","±99","683","±112","273","±82","1,608","±160","1,115","±131","1,010","±127","493","±118","739","±123","484","±96","373","±99","255","±89","1,835","±218","1,246","±192","1,079","±190","589","±142","569","±90","353","±74","310","±67","216","±71","1,195","±106","951","±101","867","±104","244","±67","836","±68","596","±60","570","±61","240","±45","905","±137","441","±109","362","±106","464","±98","0","±13","0","±13","0","±13","0","±13","0","±13","0","±13","0","±13","0","±13","0","±13","0","±13","0","±13","0","±13"
"    Less than $10,000","4.0%","±3.5","1.9%","±2.5","2.6%","±3.4","10.5%","±13.0","1.2%","±1.3","0.8%","±1.2","0.9%","±1.3","1.8%","±3.0","7.5%","±5.6","3.3%","±3.7","2.8%","±4.3","15.4%","±14.1","5.2%","±3.2","4.2%","±3.0","3.5%","±2.8","7.9%","±8.7","4.1%","±4.7","4.5%","±6.8","0.0%","±4.0","10.0%","±11.5","11.6%","±7.2","9.5%","±8.8","0.0%","±8.7","14.9%","±13.0","3.3%","±2.1","0.9%","±1.5","1.2%","±2.1","6.2%","±4.3","9.4%","±8.3","5.0%","±8.0","0.0%","±25.7","12.1%","±10.4","7.2%","±6.1","8.2%","±9.1","4.6%","±6.9","6.1%","±7.3","6.6%","±5.8","4.8%","±6.4","8.4%","±10.9","8.1%","±8.8","2.9%","±3.4","0.0%","±5.0","0.0%","±7.3","7.3%","±8.8","2.2%","±2.0","0.0%","±5.5","0.0%","±6.6","7.4%","±6.8","2.8%","±2.1","0.7%","±1.1","0.0%","±8.7","5.4%","±4.1","2.4%","±2.4","1.7%","±1.9","1.0%","±1.5","3.9%","±5.5","6.9%","±7.2","0.0%","±11.5","0.0%","±13.5","28.0%","±26.9","1.2%","±1.8","0.0%","±10.6","0.0%","±12.1","4.3%","±6.5","7.2%","±4.7","9.9%","±7.7","1.3%","±2.3","15.0%","±11.6","3.1%","±2.1","0.5%","±0.7","0.0%","±4.0","7.9%","±5.7","7.0%","±5.2","1.7%","±2.8","1.9%","±3.2","18.9%","±18.5","6.9%","±5.9","7.8%","±7.8","9.5%","±9.3","4.4%","±7.0","7.0%","±5.8","0.0%","±3.5","0.0%","±4.1","21.2%","±16.4","0.0%","±4.3","0.0%","±5.3","0.0%","±6.2","0.0%","±21.1","1.5%","±1.7","0.3%","±0.7","0.1%","±0.5","5.1%","±6.6","2.1%","±1.5","0.2%","±0.3","0.2%","±0.4","6.5%","±5.0","8.9%","±5.9","5.6%","±4.3","1.3%","±1.8","16.5%","±12.9","4.9%","±2.4","4.0%","±2.6","2.1%","±1.2","6.6%","±5.6","3.2%","±2.7","0.0%","±10.7","0.0%","±12.1","8.3%","±7.0","1.2%","±1.9","0.0%","±4.1","0.0%","±4.5","5.7%","±9.2","1.4%","±0.9","0.7%","±0.8","0.7%","±0.8","3.3%","±3.1","3.0%","±2.2","0.9%","±1.7","0.0%","±10.5","5.0%","±4.0","-","**","-","**","-","**","-","**","-","**","-","**","-","**","-","**","-","**","-","**","-","**","-","**"
"    $10,000 to $14,999","6.1%","±6.3","2.7%","±4.6","0.0%","±19.0","16.3%","±19.6","2.1%","±2.1","1.3%","±1.9","0.0%","±5.9","3.4%","±4.7","6.8%","±5.0","6.4%","±6.1","5.1%","±7.7","13.5%","±10.0","1.0%","±1.6","1.3%","±2.2","1.6%","±2.6","0.0%","±24.6","12.5%","±8.2","7.6%","±7.0","7.3%","±8.0","19.4%","±17.4","5.3%","±3.1","2.4%","±2.7","2.3%","±3.6","9.9%","±6.3","14.1%","±9.3","3.0%","±3.5","0.0%","±10.9","29.0%","±17.6","6.4%","±3.9","10.1%","±14.5","15.2%","±20.9","5.3%","±4.6","9.6%","±7.5","11.0%","±13.2","4.1%","±6.5","8.1%","±7.1","1.3%","±1.8","0.3%","±0.7","0.6%","±1.2","2.0%","±3.2","5.1%","±3.7","0.8%","±1.3","0.0%","±7.3","13.1%","±9.1","4.3%","±4.2","0.0%","±5.5","0.0%","±6.6","14.4%","±12.9","7.4%","±5.2","0.9%","±1.4","0.0%","±8.7","15.6%","±10.8","2.0%","±2.4","0.0%","±7.3","0.0%","±7.8","6.3%","±7.4","0.0%","±8.8","0.0%","±11.5","0.0%","±13.5","0.0%","±30.2","0.0%","±7.8","0.0%","±10.6","0.0%","±12.1","0.0%","±24.8","2.4%","±2.3","2.4%","±3.1","1.3%","±2.1","7.9%","±8.3","1.4%","±1.2","0.3%","±0.4","0.3%","±0.4","3.4%","±3.5","13.0%","±12.3","0.0%","±10.6","0.0%","±12.0","42.1%","±30.7","1.7%","±1.4","0.0%","±4.0","0.0%","±4.8","6.0%","±5.2","4.7%","±5.0","0.3%","±0.4","0.0%","±4.1","13.8%","±14.3","1.3%","±1.8","0.0%","±5.3","0.0%","±6.2","7.2%","±10.0","4.7%","±4.3","3.7%","±5.0","0.0%","±5.7","8.1%","±7.6","2.4%","±1.9","0.2%","±0.3","0.0%","±3.9","7.3%","±6.1","4.7%","±3.2","0.2%","±0.5","0.0%","±10.2","13.7%","±9.1","3.3%","±1.6","1.3%","±1.2","1.5%","±1.4","7.5%","±4.0","3.0%","±4.0","0.0%","±10.7","0.0%","±12.1","7.9%","±10.2","1.2%","±1.1","0.3%","±0.5","0.3%","±0.6","4.5%","±4.5","0.7%","±0.7","0.7%","±0.7","0.4%","±0.6","0.8%","±2.1","4.3%","±4.4","0.0%","±8.7","0.0%","±10.5","8.4%","±8.1","-","**","-","**","-","**","-","**","-","**","-","**","-","**","-","**","-","**","-","**","-","**","-","**"
"    $15,000 to $24,999","10.4%","±9.3","10.0%","±10.9","13.8%","±13.7","11.6%","±12.6","11.3%","±6.3","3.8%","±3.8","4.1%","±4.1","21.9%","±17.1","9.8%","±7.5","1.4%","±2.0","0.0%","±8.9","27.9%","±18.4","8.5%","±6.1","0.0%","±10.1","0.0%","±12.0","31.7%","±21.3","10.1%","±4.7","3.7%","±4.0","2.0%","±3.4","19.2%","±10.6","12.5%","±6.6","8.2%","±6.9","5.4%","±5.7","21.6%","±14.0","9.5%","±5.0","4.5%","±5.1","4.3%","±6.4","15.4%","±8.7","15.7%","±8.0","10.1%","±10.8","4.5%","±7.4","17.8%","±9.2","7.3%","±4.5","8.5%","±6.8","3.6%","±5.4","7.3%","±6.7","4.1%","±3.8","3.8%","±4.9","0.0%","±21.1","6.4%","±6.6","19.0%","±8.1","18.3%","±10.6","18.5%","±13.4","20.0%","±12.5","5.4%","±3.5","3.8%","±3.3","3.6%","±3.0","9.4%","±7.5","14.0%","±5.9","13.5%","±9.0","2.7%","±2.0","14.5%","±8.0","4.5%","±4.1","0.0%","±7.3","0.0%","±7.8","13.7%","±12.7","12.7%","±9.4","0.9%","±1.6","0.0%","±13.5","48.6%","±27.1","8.3%","±6.5","2.8%","±4.6","0.0%","±12.1","22.5%","±20.3","10.9%","±7.4","3.9%","±5.7","7.0%","±9.9","17.3%","±15.5","6.2%","±5.1","0.8%","±1.1","0.9%","±1.2","15.8%","±12.6","21.3%","±9.9","23.8%","±13.6","24.9%","±15.3","15.7%","±14.1","13.7%","±7.1","10.2%","±7.8","11.3%","±9.5","22.9%","±15.2","9.7%","±6.1","1.4%","±2.6","0.0%","±4.1","29.3%","±16.7","6.8%","±7.5","7.4%","±9.1","8.7%","±10.7","4.2%","±5.3","9.5%","±5.6","8.8%","±7.4","10.2%","±9.0","14.3%","±8.8","3.0%","±1.7","1.0%","±1.2","1.1%","±1.3","7.7%","±4.9","12.6%","±8.4","7.4%","±7.9","1.6%","±2.8","32.5%","±20.3","5.0%","±1.7","1.8%","±1.2","1.5%","±1.0","12.9%","±5.5","6.9%","±4.6","0.0%","±10.7","0.0%","±12.1","18.1%","±11.4","4.6%","±2.5","1.1%","±1.2","1.2%","±1.3","18.4%","±10.0","6.0%","±2.9","3.0%","±2.9","3.2%","±3.0","13.3%","±6.2","8.2%","±4.6","2.9%","±2.5","1.4%","±2.0","13.1%","±9.1","-","**","-","**","-","**","-","**","-","**","-","**","-","**","-","**","-","**","-","**","-","**","-","**"
"    $25,000 to $34,999","9.2%","±9.8","12.3%","±12.7","16.9%","±16.6","0.0%","±35.1","20.4%","±16.6","4.5%","±5.1","0.0%","±5.9","43.0%","±31.3","8.8%","±4.9","9.0%","±6.3","7.0%","±6.9","5.6%","±6.5","7.6%","±6.2","10.3%","±8.2","4.5%","±7.3","4.3%","±6.6","6.7%","±4.1","1.6%","±2.6","1.9%","±3.2","14.0%","±9.9","11.8%","±6.2","11.6%","±9.1","11.3%","±9.7","12.2%","±9.8","10.2%","±4.7","10.1%","±7.3","0.0%","±10.9","10.3%","±6.8","18.0%","±7.6","6.0%","±7.5","9.1%","±11.0","21.3%","±9.1","13.8%","±6.5","16.7%","±9.5","10.8%","±11.3","13.7%","±11.2","7.4%","±4.3","1.7%","±2.8","3.0%","±4.9","12.1%","±7.8","14.3%","±7.2","13.3%","±10.0","14.7%","±11.3","15.9%","±10.3","3.3%","±2.9","3.5%","±3.9","4.3%","±4.6","2.7%","±3.7","12.3%","±6.4","6.3%","±5.9","4.8%","±5.6","19.9%","±10.9","12.0%","±10.2","3.4%","±3.7","3.6%","±3.9","29.7%","±26.3","5.1%","±4.2","4.0%","±4.1","4.7%","±4.9","8.4%","±10.5","7.3%","±7.2","2.5%","±4.6","0.0%","±12.1","26.1%","±23.2","12.2%","±7.0","19.4%","±10.8","10.0%","±9.2","14.2%","±10.2","5.3%","±3.9","3.1%","±1.8","3.2%","±1.9","9.3%","±9.9","9.1%","±5.2","11.2%","±6.9","10.2%","±6.6","4.4%","±7.3","7.8%","±4.6","5.4%","±5.3","1.0%","±1.5","14.8%","±11.7","12.9%","±8.5","11.0%","±9.7","13.1%","±11.4","13.8%","±13.0","9.5%","±4.0","7.5%","±4.0","4.8%","±3.7","21.0%","±12.9","10.8%","±5.9","5.7%","±5.2","2.2%","±2.4","26.7%","±15.7","6.7%","±3.4","3.9%","±2.6","3.1%","±3.0","13.2%","±9.3","13.9%","±5.6","12.8%","±7.0","15.8%","±8.7","16.1%","±10.4","9.9%","±3.1","9.0%","±4.0","7.7%","±3.9","10.5%","±4.4","7.0%","±3.9","8.5%","±5.5","4.2%","±4.3","4.6%","±4.8","7.9%","±3.7","8.8%","±4.4","6.3%","±3.9","4.5%","±5.4","7.4%","±2.8","3.7%","±2.1","3.9%","±2.2","16.7%","±7.3","19.8%","±6.9","17.2%","±10.9","11.9%","±9.6","22.2%","±9.8","-","**","-","**","-","**","-","**","-","**","-","**","-","**","-","**","-","**","-","**","-","**","-","**"
"    $35,000 to $49,999","24.8%","±11.3","26.8%","±13.2","22.8%","±14.3","44.2%","±28.5","9.9%","±5.3","9.5%","±6.3","9.1%","±6.5","10.5%","±12.2","10.9%","±4.3","16.5%","±10.1","10.5%","±7.0","13.5%","±9.6","20.5%","±9.8","22.0%","±12.0","19.2%","±13.1","12.2%","±17.6","16.9%","±7.8","18.2%","±10.2","11.1%","±6.6","15.1%","±12.7","14.9%","±7.2","19.8%","±11.2","13.6%","±7.9","7.3%","±6.5","10.2%","±4.1","7.1%","±4.7","2.9%","±3.0","12.3%","±6.3","16.7%","±7.6","31.2%","±16.5","23.5%","±19.2","12.6%","±8.4","18.5%","±7.0","16.4%","±8.5","12.9%","±10.3","20.9%","±11.8","38.0%","±13.0","37.0%","±14.6","8.4%","±9.2","36.7%","±21.6","11.7%","±5.8","6.1%","±5.1","8.0%","±7.4","20.4%","±12.2","15.5%","±5.5","13.1%","±5.1","9.3%","±4.4","24.2%","±13.0","16.4%","±6.0","12.2%","±5.8","10.9%","±6.7","22.9%","±10.8","10.1%","±5.0","9.7%","±5.8","8.5%","±5.6","10.9%","±10.8","8.3%","±5.9","9.2%","±7.3","6.5%","±5.0","5.6%","±8.1","7.5%","±5.4","9.0%","±7.1","10.4%","±8.3","3.6%","±6.1","15.9%","±8.1","10.4%","±8.6","9.6%","±7.3","11.0%","±8.9","13.0%","±5.7","11.2%","±7.7","11.4%","±8.6","16.1%","±7.5","4.1%","±3.5","5.9%","±4.9","6.7%","±5.6","0.0%","±22.0","10.3%","±5.7","8.1%","±4.7","6.8%","±4.8","17.9%","±16.5","15.2%","±7.5","19.6%","±9.4","17.6%","±9.3","6.3%","±6.5","12.0%","±6.3","6.8%","±5.1","6.6%","±5.5","34.7%","±20.7","15.6%","±5.6","13.8%","±6.0","13.0%","±6.8","24.9%","±14.6","10.4%","±4.1","10.1%","±4.5","9.2%","±4.6","11.0%","±8.3","11.4%","±9.0","11.4%","±12.1","14.7%","±15.0","11.4%","±10.9","13.7%","±7.1","15.5%","±10.4","15.5%","±12.1","10.0%","±6.0","8.3%","±5.4","3.7%","±3.2","4.2%","±3.6","15.7%","±13.0","11.4%","±5.5","10.3%","±5.7","9.1%","±5.8","15.6%","±12.1","8.7%","±3.1","4.5%","±2.1","4.2%","±2.1","19.2%","±8.8","9.9%","±4.1","5.4%","±3.8","4.7%","±3.8","14.2%","±6.7","-","**","-","**","-","**","-","**","-","**","-","**","-","**","-","**","-","**","-","**","-","**","-","**"
"    $50,000 to $74,999","16.4%","±10.9","13.4%","±9.8","14.8%","±12.4","0.0%","±35.1","21.9%","±8.6","23.6%","±10.7","24.4%","±11.7","19.5%","±14.4","19.3%","±8.2","14.9%","±9.8","21.4%","±13.6","9.8%","±8.1","16.1%","±8.3","11.4%","±7.6","12.1%","±8.6","32.4%","±21.8","24.2%","±7.7","26.7%","±9.1","31.0%","±11.2","14.1%","±12.0","18.4%","±7.3","17.4%","±8.7","21.5%","±10.6","20.4%","±13.9","25.9%","±6.5","35.1%","±10.9","40.9%","±12.6","14.9%","±8.1","13.2%","±7.8","21.6%","±14.4","23.5%","±17.2","10.8%","±9.1","27.8%","±13.4","14.0%","±8.0","19.1%","±12.3","38.1%","±23.6","4.3%","±2.6","0.0%","±12.9","0.0%","±21.1","7.8%","±5.3","9.7%","±4.6","8.7%","±4.9","7.6%","±5.9","11.3%","±8.5","16.0%","±4.8","12.2%","±4.3","13.0%","±4.4","24.5%","±13.1","14.0%","±5.5","15.8%","±7.0","16.1%","±8.1","13.4%","±8.2","8.8%","±5.2","6.9%","±5.2","7.3%","±5.4","12.9%","±11.3","19.8%","±8.7","29.1%","±11.8","29.5%","±12.3","0.0%","±30.2","15.2%","±9.6","16.5%","±12.3","9.7%","±7.6","11.6%","±12.9","22.4%","±10.9","23.7%","±12.7","16.5%","±10.0","16.5%","±11.1","19.7%","±4.2","21.1%","±6.2","16.4%","±5.0","17.2%","±6.7","21.5%","±11.3","31.1%","±13.6","27.8%","±14.2","0.0%","±22.0","15.6%","±6.9","18.1%","±8.8","16.3%","±9.1","8.6%","±10.3","16.1%","±7.7","22.2%","±10.8","19.2%","±12.4","6.5%","±7.6","27.1%","±7.4","30.7%","±9.2","27.3%","±9.4","16.2%","±14.4","17.7%","±6.3","18.9%","±7.8","18.6%","±8.3","8.4%","±6.0","17.3%","±4.9","18.4%","±6.5","13.9%","±6.2","21.7%","±9.6","19.2%","±6.4","25.2%","±9.0","30.8%","±12.3","7.8%","±8.0","17.1%","±5.2","12.5%","±4.0","10.2%","±3.7","29.0%","±13.2","14.8%","±6.1","13.3%","±8.3","13.5%","±9.5","17.1%","±9.9","16.3%","±5.0","15.1%","±5.4","13.7%","±5.9","20.9%","±10.0","16.5%","±4.3","14.8%","±5.3","13.9%","±5.5","21.7%","±7.5","15.1%","±5.2","11.8%","±7.7","12.2%","±8.5","20.0%","±8.2","-","**","-","**","-","**","-","**","-","**","-","**","-","**","-","**","-","**","-","**","-","**","-","**"
"    $75,000 to $99,999","17.0%","±10.7","19.2%","±13.7","10.1%","±10.5","10.5%","±13.4","12.6%","±8.3","21.6%","±12.7","23.4%","±13.7","0.0%","±7.6","12.5%","±5.9","14.0%","±6.4","18.4%","±9.0","9.5%","±11.2","20.7%","±9.4","24.1%","±10.9","27.2%","±13.0","11.5%","±17.3","14.2%","±6.2","18.5%","±7.5","22.8%","±8.9","8.2%","±9.2","12.5%","±5.5","12.9%","±7.1","19.7%","±9.2","8.9%","±9.8","6.1%","±3.5","7.5%","±5.1","7.5%","±5.5","4.4%","±4.3","16.2%","±10.9","10.6%","±9.3","15.9%","±14.2","15.9%","±13.4","4.2%","±3.1","6.6%","±5.2","9.8%","±8.1","1.7%","±2.4","14.6%","±7.1","17.6%","±10.1","24.6%","±14.9","12.1%","±9.3","16.1%","±6.8","29.4%","±10.3","29.2%","±14.4","9.5%","±10.0","15.8%","±5.0","20.2%","±6.6","22.0%","±8.0","6.7%","±6.8","7.8%","±3.5","12.5%","±5.8","16.6%","±8.0","0.9%","±1.3","13.4%","±5.9","15.0%","±7.7","14.5%","±8.1","10.2%","±7.9","11.5%","±8.9","13.8%","±11.6","16.4%","±13.6","4.7%","±6.6","25.1%","±11.4","30.3%","±12.6","35.0%","±12.4","17.4%","±17.9","7.6%","±5.4","7.0%","±6.0","12.6%","±9.7","3.1%","±4.6","13.9%","±3.9","14.0%","±4.3","14.7%","±4.7","13.4%","±7.3","12.4%","±6.0","13.2%","±6.9","15.0%","±7.7","10.7%","±12.5","17.3%","±7.7","17.8%","±8.8","18.9%","±9.4","14.0%","±15.1","14.3%","±6.7","21.6%","±9.4","21.5%","±11.1","0.0%","±6.9","16.5%","±7.1","15.6%","±8.2","16.7%","±8.9","12.6%","±11.2","18.5%","±6.9","21.6%","±8.6","22.4%","±10.6","8.1%","±7.7","18.3%","±5.4","19.7%","±8.0","21.8%","±8.8","14.0%","±11.0","4.1%","±3.3","6.2%","±5.2","8.0%","±6.8","0.0%","±14.5","15.1%","±5.0","18.1%","±6.9","18.4%","±7.5","7.3%","±5.3","13.0%","±6.5","15.6%","±8.9","13.2%","±8.0","8.8%","±10.0","13.2%","±4.4","14.9%","±5.2","16.3%","±5.4","6.6%","±6.8","14.0%","±3.6","16.4%","±4.8","17.2%","±5.0","7.1%","±4.2","11.2%","±5.0","16.8%","±9.9","15.2%","±10.4","4.1%","±4.9","-","**","-","**","-","**","-","**","-","**","-","**","-","**","-","**","-","**","-","**","-","**","-","**"
"    $100,000 to $149,999","8.4%","±6.3","11.1%","±8.9","15.3%","±11.5","0.0%","±35.1","15.1%","±7.4","25.7%","±10.8","28.0%","±11.7","0.0%","±7.6","13.9%","±6.5","20.9%","±9.8","24.2%","±11.4","0.0%","±10.1","13.0%","±7.6","17.8%","±9.9","21.4%","±11.8","0.0%","±24.6","8.8%","±4.7","14.9%","±8.2","18.4%","±9.5","0.0%","±4.6","7.9%","±4.1","11.3%","±5.9","15.6%","±8.9","2.5%","±4.2","11.2%","±5.6","17.1%","±9.2","23.2%","±11.8","4.1%","±4.8","4.4%","±4.4","5.5%","±6.4","8.3%","±10.0","4.1%","±5.4","9.9%","±4.8","15.3%","±7.7","28.9%","±13.9","4.1%","±4.6","9.0%","±5.4","12.8%","±8.9","17.4%","±13.8","5.8%","±5.7","11.7%","±6.3","7.8%","±6.6","9.5%","±9.1","2.4%","±3.1","24.3%","±5.9","29.9%","±7.9","26.8%","±7.0","10.7%","±7.3","18.5%","±7.4","27.4%","±10.5","34.7%","±12.3","7.4%","±6.0","18.7%","±7.0","25.3%","±9.2","25.3%","±9.9","5.1%","±5.6","18.9%","±9.4","20.8%","±11.8","24.7%","±13.4","4.7%","±8.3","22.2%","±8.1","24.6%","±9.1","28.5%","±9.8","3.6%","±5.4","15.9%","±6.1","19.4%","±8.2","34.8%","±13.9","4.7%","±8.4","18.9%","±4.1","23.1%","±5.3","24.9%","±6.0","12.4%","±5.7","6.4%","±4.4","5.6%","±3.7","6.4%","±4.1","8.2%","±11.8","18.6%","±7.3","21.5%","±9.7","22.8%","±11.0","11.4%","±10.5","10.0%","±5.4","8.8%","±5.6","10.6%","±6.7","9.2%","±9.7","17.7%","±7.9","21.7%","±9.6","23.9%","±10.5","0.0%","±21.1","12.5%","±5.0","15.0%","±6.3","18.0%","±7.5","4.4%","±5.6","21.0%","±5.2","26.5%","±6.7","28.7%","±7.2","4.5%","±3.9","20.6%","±6.4","24.6%","±9.2","19.0%","±8.6","1.2%","±2.0","15.0%","±3.6","20.4%","±4.9","23.1%","±5.7","3.2%","±2.4","21.3%","±7.8","27.2%","±12.2","31.0%","±13.6","11.6%","±9.9","16.4%","±5.8","19.1%","±7.0","20.4%","±7.6","5.7%","±6.4","17.7%","±5.6","23.0%","±7.4","22.8%","±7.5","9.2%","±4.4","17.7%","±9.3","27.0%","±16.6","32.9%","±19.0","8.8%","±5.1","-","**","-","**","-","**","-","**","-","**","-","**","-","**","-","**","-","**","-","**","-","**","-","**"
"    $150,000 to $199,999","1.7%","±2.7","2.3%","±3.6","3.2%","±4.9","0.0%","±35.1","2.7%","±2.2","4.6%","±3.8","5.0%","±4.1","0.0%","±7.6","6.7%","±5.8","10.3%","±8.8","5.3%","±6.3","0.0%","±10.1","5.2%","±3.8","5.8%","±4.7","7.0%","±5.6","0.0%","±24.6","2.6%","±2.4","4.4%","±4.0","5.4%","±4.9","0.0%","±4.6","3.0%","±2.6","3.4%","±3.6","5.2%","±5.7","2.3%","±3.4","6.4%","±4.3","9.9%","±6.7","13.3%","±9.1","2.3%","±2.5","0.0%","±4.3","0.0%","±18.1","0.0%","±25.7","0.0%","±5.5","1.7%","±1.8","3.3%","±3.4","6.2%","±6.4","0.0%","±11.0","6.1%","±3.7","9.7%","±6.1","16.8%","±9.8","3.2%","±4.3","5.2%","±3.9","8.6%","±6.5","1.9%","±3.1","0.0%","±7.6","10.0%","±5.1","12.8%","±6.2","15.6%","±7.8","0.0%","±12.5","0.8%","±0.9","1.4%","±1.6","1.8%","±2.1","0.0%","±8.3","12.2%","±5.2","15.8%","±7.6","16.8%","±8.1","4.7%","±5.6","13.6%","±8.2","18.0%","±10.8","13.1%","±10.7","0.0%","±30.2","7.7%","±5.0","8.1%","±5.8","9.4%","±6.7","6.5%","±12.0","3.3%","±3.4","1.2%","±2.3","2.2%","±4.1","10.2%","±12.5","7.5%","±3.5","11.7%","±5.4","12.7%","±5.9","0.0%","±6.2","2.5%","±2.5","3.6%","±3.5","2.6%","±2.9","0.0%","±22.0","2.3%","±2.0","3.2%","±2.8","3.8%","±3.3","0.0%","±9.9","7.4%","±5.5","11.1%","±8.0","13.2%","±9.4","0.0%","±6.9","1.6%","±1.6","1.9%","±1.9","2.2%","±2.2","0.0%","±21.1","5.6%","±3.1","7.3%","±4.3","9.4%","±5.4","0.0%","±13.6","10.0%","±5.0","7.4%","±3.9","8.2%","±4.3","14.2%","±13.3","0.8%","±1.5","0.8%","±2.1","1.1%","±2.6","0.8%","±1.8","10.6%","±5.0","10.1%","±3.4","11.7%","±4.0","11.5%","±13.1","13.5%","±7.2","17.0%","±8.9","17.1%","±9.5","7.9%","±10.5","9.4%","±5.2","7.8%","±5.8","8.5%","±6.4","15.6%","±11.3","11.4%","±3.3","13.6%","±4.0","13.7%","±4.2","2.5%","±2.5","3.5%","±2.5","5.4%","±3.8","6.6%","±4.8","1.7%","±2.9","-","**","-","**","-","**","-","**","-","**","-","**","-","**","-","**","-","**","-","**","-","**","-","**"
"    $200,000 or more","2.0%","±3.1","0.4%","±1.8","0.5%","±2.5","7.0%","±11.5","2.8%","±2.3","4.7%","±3.9","5.1%","±4.3","0.0%","±7.6","3.8%","±3.6","3.3%","±3.2","5.3%","±5.0","4.8%","±7.7","2.1%","±2.2","2.9%","±3.0","3.5%","±3.6","0.0%","±24.6","0.0%","±1.9","0.0%","±3.2","0.0%","±4.0","0.0%","±4.6","2.1%","±2.3","3.4%","±3.7","5.2%","±5.7","0.0%","±8.8","3.2%","±1.9","4.9%","±2.8","6.7%","±3.8","1.0%","±1.9","0.0%","±4.3","0.0%","±18.1","0.0%","±25.7","0.0%","±5.5","0.0%","±5.5","0.0%","±10.4","0.0%","±18.5","0.0%","±11.0","8.7%","±3.9","12.1%","±7.8","21.0%","±12.6","5.8%","±5.1","4.3%","±5.1","7.0%","±8.3","10.5%","±11.9","0.0%","±7.6","3.2%","±2.0","4.5%","±2.8","5.5%","±3.3","0.0%","±12.5","6.0%","±5.0","9.4%","±8.6","12.5%","±10.7","0.0%","±8.3","15.7%","±6.6","22.1%","±8.9","23.0%","±9.1","2.7%","±4.2","3.2%","±3.1","4.3%","±4.0","5.1%","±4.7","0.0%","±30.2","5.7%","±4.3","6.2%","±5.8","7.1%","±6.9","4.3%","±6.3","2.0%","±3.0","2.7%","±4.0","4.8%","±7.2","0.0%","±26.5","11.0%","±5.0","14.1%","±7.0","15.5%","±7.7","4.5%","±4.5","2.7%","±2.8","3.9%","±4.0","4.5%","±4.7","0.0%","±22.0","5.7%","±5.8","7.9%","±7.8","9.6%","±9.4","0.0%","±9.9","2.7%","±3.7","4.0%","±5.6","4.8%","±6.7","0.0%","±6.9","7.6%","±4.7","8.3%","±5.9","9.8%","±7.0","4.2%","±6.4","3.6%","±2.3","4.7%","±3.0","6.0%","±3.8","0.0%","±13.6","8.7%","±3.8","12.6%","±5.5","13.9%","±6.0","0.0%","±7.8","3.8%","±4.1","5.8%","±6.0","7.5%","±7.6","0.0%","±14.5","5.4%","±1.9","7.3%","±2.8","8.4%","±3.3","1.4%","±1.6","9.1%","±5.7","14.7%","±9.2","16.8%","±10.4","0.0%","±16.8","18.4%","±4.8","22.5%","±6.0","24.1%","±6.5","2.5%","±3.7","16.1%","±4.5","19.6%","±5.8","20.2%","±6.0","6.3%","±4.5","7.3%","±3.4","12.5%","±6.7","15.2%","±8.2","2.4%","±2.4","-","**","-","**","-","**","-","**","-","**","-","**","-","**","-","**","-","**","-","**","-","**","-","**"
"Median income (dollars)","47,404","±10,687","48,417","±19,077","48,083","±15,187","43,500","±16,583","58,333","±14,933","82,448","±11,043","85,321","±5,998","26,968","±9,121","52,043","±13,324","74,309","±22,196","85,921","±22,316","21,534","±9,026","60,500","±17,379","80,521","±27,427","87,292","±15,771","43,583","±27,442","49,773","±17,227","65,417","±7,464","70,385","±8,300","25,652","±14,506","43,362","±10,715","49,074","±10,454","65,398","±19,198","26,176","±15,382","55,473","±15,054","68,875","±5,513","87,798","±34,392","22,284","±12,078","35,563","±13,971","43,250","±6,791","46,563","±14,688","29,375","±5,657","43,807","±8,177","43,750","±10,412","73,438","±20,291","41,932","±15,825","46,713","±3,533","76,625","±54,036","126,250","±41,126","41,441","±2,669","47,880","±14,731","76,170","±19,213","75,319","±30,982","30,278","±10,980","77,426","±11,048","95,776","±14,644","96,422","±13,916","42,222","±11,945","44,924","±17,870","78,269","±27,309","99,598","±8,473","30,268","±5,478","95,757","±20,666","120,750","±34,179","135,486","±29,962","29,861","±29,368","70,909","±14,019","79,306","±26,315","79,583","±30,493","19,228","±4,560","95,518","±6,154","96,504","±2,117","97,578","±6,248","-","**","52,955","±11,879","58,563","±13,430","78,194","±19,926","29,750","±17,656","76,027","±9,932","97,067","±12,695","103,382","±14,312","47,847","±11,483","34,762","±28,365","56,354","±12,526","56,146","±12,600","14,205","±2,022","66,250","±19,171","77,633","±15,001","79,072","±11,168","36,705","±17,277","57,361","±23,802","71,382","±5,884","75,034","±13,924","20,472","±5,751","64,205","±12,687","69,167","±20,596","80,977","±22,259","41,250","±6,044","56,950","±8,858","68,309","±22,132","82,720","±10,541","32,061","±5,957","87,750","±15,095","97,594","±10,622","100,400","±4,544","56,607","±19,153","42,917","±22,703","60,948","±11,489","61,595","±10,826","21,250","±1,994","66,217","±11,188","81,806","±9,368","87,961","±10,933","56,250","±19,595","84,911","±21,218","120,583","±22,866","122,742","±14,946","45,577","±14,765","89,926","±13,059","99,083","±13,101","108,375","±27,312","53,036","±16,283","91,786","±9,778","115,500","±13,463","116,750","±13,386","47,500","±9,971","63,403","±15,300","91,750","±15,950","100,746","±12,102","35,789","±6,452","-","**","-","**","-","**","-","**","-","**","-","**","-","**","-","**","-","**","-","**","-","**","-","**"
"Mean income (dollars)","76,375","±33,822","60,844","±11,440","N","N","119,485","±138,157","69,661","±11,170","95,236","±11,546","N","N","33,393","±5,687","71,951","±11,412","87,295","±13,802","N","N","39,179","±16,589","71,691","±9,961","80,559","±11,096","N","N","42,891","±13,592","55,610","±7,108","68,401","±10,416","N","N","32,274","±9,578","60,376","±14,789","72,993","±23,765","N","N","39,085","±9,186","68,445","±10,035","90,736","±12,294","N","N","41,199","±9,915","42,985","±7,673","45,655","±8,500","N","N","40,979","±9,471","51,276","±5,969","54,099","±8,643","N","N","46,413","±9,454","77,159","±10,996","96,320","±16,945","N","N","60,592","±14,117","65,555","±10,913","80,930","±15,191","N","N","38,956","±8,236","91,976","±9,783","107,511","±12,562","N","N","49,355","±8,505","70,299","±13,645","88,162","±18,041","N","N","38,610","±7,027","124,784","±26,790","159,370","±35,585","N","N","53,572","±15,268","85,997","±14,604","105,060","±14,235","N","N","24,908","±10,541","94,216","±11,162","103,518","±12,945","N","N","61,818","±23,031","62,308","±8,655","63,018","±10,632","N","N","50,964","±20,435","102,367","±13,439","120,729","±15,378","N","N","67,171","±18,901","60,845","±16,856","74,916","±21,984","N","N","29,252","±15,403","73,586","±11,400","83,022","±14,439","N","N","48,589","±10,684","66,265","±9,467","82,084","±12,583","N","N","31,906","±13,343","91,318","±15,908","99,442","±19,654","N","N","52,426","±12,900","72,924","±8,150","83,523","±10,221","N","N","37,127","±7,356","100,147","±9,882","112,925","±11,606","N","N","66,832","±16,765","71,712","±19,484","88,209","±31,253","N","N","25,821","±5,970","91,066","±8,734","103,217","±12,543","N","N","64,316","±15,844","102,419","±14,416","128,933","±20,142","N","N","59,089","±20,865","134,921","±24,801","150,371","±30,854","N","N","74,579","±19,506","122,816","±12,145","141,205","±15,543","N","N","74,130","±15,638","90,166","±16,903","129,004","±34,104","N","N","52,473","±8,376","-","**","-","**","-","**","-","**","-","**","-","**","-","**","-","**","-","**","-","**","-","**","-","**"
"PERCENT ALLOCATED","","","","","","","","","","","","","","","","","","","","","","","","","","","","","","","","","","","","","","","","","","","","","","","","","","","","","","","","","","","","","","","","","","","","","","","","","","","","","","","","","","","","","","","","","","","","","","","","","","","","","","","","","","","","","","","","","","","","","","","","","","","","","","","","","","","","","","","","","","","","","","","","","","","","","","","","","","","","","","","","","","","","","","","","","","","","","","","","","","","","","","","","","","","","","","","","","","","","","","","","","","","","","","","","","","","","","","","","","","","","","","","","","","","","","","","","","","","","","","","","","","","","","","","","","","","","","","","","","","","","","","","",""
"    Household income in the past 12 months","20.5%","(X)","(X)","(X)","(X)","(X)","(X)","(X)","33.3%","(X)","(X)","(X)","(X)","(X)","(X)","(X)","33.6%","(X)","(X)","(X)","(X)","(X)","(X)","(X)","32.4%","(X)","(X)","(X)","(X)","(X)","(X)","(X)","27.8%","(X)","(X)","(X)","(X)","(X)","(X)","(X)","27.8%","(X)","(X)","(X)","(X)","(X)","(X)","(X)","28.9%","(X)","(X)","(X)","(X)","(X)","(X)","(X)","32.3%","(X)","(X)","(X)","(X)","(X)","(X)","(X)","31.9%","(X)","(X)","(X)","(X)","(X)","(X)","(X)","32.3%","(X)","(X)","(X)","(X)","(X)","(X)","(X)","38.9%","(X)","(X)","(X)","(X)","(X)","(X)","(X)","38.2%","(X)","(X)","(X)","(X)","(X)","(X)","(X)","37.3%","(X)","(X)","(X)","(X)","(X)","(X)","(X)","23.8%","(X)","(X)","(X)","(X)","(X)","(X)","(X)","42.6%","(X)","(X)","(X)","(X)","(X)","(X)","(X)","35.2%","(X)","(X)","(X)","(X)","(X)","(X)","(X)","43.0%","(X)","(X)","(X)","(X)","(X)","(X)","(X)","34.6%","(X)","(X)","(X)","(X)","(X)","(X)","(X)","45.3%","(X)","(X)","(X)","(X)","(X)","(X)","(X)","31.9%","(X)","(X)","(X)","(X)","(X)","(X)","(X)","38.2%","(X)","(X)","(X)","(X)","(X)","(X)","(X)","40.7%","(X)","(X)","(X)","(X)","(X)","(X)","(X)","29.2%","(X)","(X)","(X)","(X)","(X)","(X)","(X)","32.2%","(X)","(X)","(X)","(X)","(X)","(X)","(X)","32.5%","(X)","(X)","(X)","(X)","(X)","(X)","(X)","39.7%","(X)","(X)","(X)","(X)","(X)","(X)","(X)","36.9%","(X)","(X)","(X)","(X)","(X)","(X)","(X)","42.0%","(X)","(X)","(X)","(X)","(X)","(X)","(X)","27.6%","(X)","(X)","(X)","(X)","(X)","(X)","(X)","39.7%","(X)","(X)","(X)","(X)","(X)","(X)","(X)","-","(X)","(X)","(X)","(X)","(X)","(X)","(X)","-","(X)","(X)","(X)","(X)","(X)","(X)","(X)","-","(X)","(X)","(X)","(X)","(X)","(X)","(X)"
"    Family income in the past 12 months","(X)","(X)","19.5%","(X)","(X)","(X)","(X)","(X)","(X)","(X)","42.1%","(X)","(X)","(X)","(X)","(X)","(X)","(X)","24.7%","(X)","(X)","(X)","(X)","(X)","(X)","(X)","37.9%","(X)","(X)","(X)","(X)","(X)","(X)","(X)","37.6%","(X)","(X)","(X)","(X)","(X)","(X)","(X)","26.5%","(X)","(X)","(X)","(X)","(X)","(X)","(X)","24.6%","(X)","(X)","(X)","(X)","(X)","(X)","(X)","32.7%","(X)","(X)","(X)","(X)","(X)","(X)","(X)","33.7%","(X)","(X)","(X)","(X)","(X)","(X)","(X)","22.1%","(X)","(X)","(X)","(X)","(X)","(X)","(X)","50.6%","(X)","(X)","(X)","(X)","(X)","(X)","(X)","40.0%","(X)","(X)","(X)","(X)","(X)","(X)","(X)","34.6%","(X)","(X)","(X)","(X)","(X)","(X)","(X)","26.3%","(X)","(X)","(X)","(X)","(X)","(X)","(X)","39.8%","(X)","(X)","(X)","(X)","(X)","(X)","(X)","30.3%","(X)","(X)","(X)","(X)","(X)","(X)","(X)","39.2%","(X)","(X)","(X)","(X)","(X)","(X)","(X)","37.7%","(X)","(X)","(X)","(X)","(X)","(X)","(X)","45.1%","(X)","(X)","(X)","(X)","(X)","(X)","(X)","38.9%","(X)","(X)","(X)","(X)","(X)","(X)","(X)","31.0%","(X)","(X)","(X)","(X)","(X)","(X)","(X)","40.8%","(X)","(X)","(X)","(X)","(X)","(X)","(X)","30.5%","(X)","(X)","(X)","(X)","(X)","(X)","(X)","29.9%","(X)","(X)","(X)","(X)","(X)","(X)","(X)","38.8%","(X)","(X)","(X)","(X)","(X)","(X)","(X)","45.3%","(X)","(X)","(X)","(X)","(X)","(X)","(X)","42.5%","(X)","(X)","(X)","(X)","(X)","(X)","(X)","42.0%","(X)","(X)","(X)","(X)","(X)","(X)","(X)","24.8%","(X)","(X)","(X)","(X)","(X)","(X)","(X)","44.7%","(X)","(X)","(X)","(X)","(X)","(X)","(X)","-","(X)","(X)","(X)","(X)","(X)","(X)","(X)","-","(X)","(X)","(X)","(X)","(X)","(X)","(X)","-","(X)","(X)","(X)","(X)","(X)"
"    Nonfamily income in the past 12 months","(X)","(X)","(X)","(X)","(X)","(X)","23.3%","(X)","(X)","(X)","(X)","(X)","(X)","(X)","20.7%","(X)","(X)","(X)","(X)","(X)","(X)","(X)","49.1%","(X)","(X)","(X)","(X)","(X)","(X)","(X)","17.3%","(X)","(X)","(X)","(X)","(X)","(X)","(X)","13.8%","(X)","(X)","(X)","(X)","(X)","(X)","(X)","29.8%","(X)","(X)","(X)","(X)","(X)","(X)","(X)","33.9%","(X)","(X)","(X)","(X)","(X)","(X)","(X)","32.2%","(X)","(X)","(X)","(X)","(X)","(X)","(X)","29.9%","(X)","(X)","(X)","(X)","(X)","(X)","(X)","40.8%","(X)","(X)","(X)","(X)","(X)","(X)","(X)","19.4%","(X)","(X)","(X)","(X)","(X)","(X)","(X)","33.9%","(X)","(X)","(X)","(X)","(X)","(X)","(X)","40.0%","(X)","(X)","(X)","(X)","(X)","(X)","(X)","18.8%","(X)","(X)","(X)","(X)","(X)","(X)","(X)","51.4%","(X)","(X)","(X)","(X)","(X)","(X)","(X)","47.8%","(X)","(X)","(X)","(X)","(X)","(X)","(X)","40.2%","(X)","(X)","(X)","(X)","(X)","(X)","(X)","29.1%","(X)","(X)","(X)","(X)","(X)","(X)","(X)","45.9%","(X)","(X)","(X)","(X)","(X)","(X)","(X)","14.3%","(X)","(X)","(X)","(X)","(X)","(X)","(X)","52.8%","(X)","(X)","(X)","(X)","(X)","(X)","(X)","40.1%","(X)","(X)","(X)","(X)","(X)","(X)","(X)","24.9%","(X)","(X)","(X)","(X)","(X)","(X)","(X)","37.5%","(X)","(X)","(X)","(X)","(X)","(X)","(X)","20.4%","(X)","(X)","(X)","(X)","(X)","(X)","(X)","26.0%","(X)","(X)","(X)","(X)","(X)","(X)","(X)","27.8%","(X)","(X)","(X)","(X)","(X)","(X)","(X)","42.2%","(X)","(X)","(X)","(X)","(X)","(X)","(X)","34.6%","(X)","(X)","(X)","(X)","(X)","(X)","(X)","34.9%","(X)","(X)","(X)","(X)","(X)","(X)","(X)","-","(X)","(X)","(X)","(X)","(X)","(X)","(X)","-","(X)","(X)","(X)","(X)","(X)","(X)","(X)","-","(X)"