"Label (Grouping)","Census Tract 9701.01, Carteret County, North Carolina!!Estimate","Census Tract 9701.01, Carteret County, North Carolina!!Margin of Error","Census Tract 9701.01, Carteret County, North Carolina!!Percent","Census Tract 9701.01, Carteret County, North Carolina!!Percent Margin of Error","Census Tract 9701.02, Carteret County, North Carolina!!Estimate","Census Tract 9701.02, Carteret County, North Carolina!!Margin of Error","Census Tract 9701.02, Carteret County, North Carolina!!Percent","Census Tract 9701.02, Carteret County, North Carolina!!Percent Margin of Error","Census Tract 9701.03, Carteret County, North Carolina!!Estimate","Census Tract 9701.03, Carteret County, North Carolina!!Margin of Error","Census Tract 9701.03, Carteret County, North Carolina!!Percent","Census Tract 9701.03, Carteret County, North Carolina!!Percent Margin of Error","Census Tract 9702, Carteret County, North Carolina!!Estimate","Census Tract 9702, Carteret County, North Carolina!!Margin of Error","Census Tract 9702, Carteret County, North Carolina!!Percent","Census Tract 9702, Carteret County, North Carolina!!Percent Margin of Error","Census Tract 9703.01, Carteret County, North Carolina!!Estimate","Census Tract 9703.01, Carteret County, North Carolina!!Margin of Error","Census Tract 9703.01, Carteret County, North Carolina!!Percent","Census Tract 9703.01, Carteret County, North Carolina!!Percent Margin of Error","Census Tract 9703.04, Carteret County, North Carolina!!Estimate","Census Tract 9703.04, Carteret County, North Carolina!!Margin of Error","Census Tract 9703.04, Carteret County, North Carolina!!Percent","Census Tract 9703.04, Carteret County, North Carolina!!Percent Margin of Error","Census Tract 9703.05, Carteret County, North Carolina!!Estimate","Census Tract 9703.05, Carteret County, North Carolina!!Margin of Error","Census Tract 9703.05, Carteret County, North Carolina!!Percent","Census Tract 9703.05, Carteret County, North Carolina!!Percent Margin of Error","Census Tract 9704.01, Carteret County, North Carolina!!Estimate","Census Tract 9704.01, Carteret County, North Carolina!!Margin of Error","Census Tract 9704.01, Carteret County, North Carolina!!Percent","Census Tract 9704.01, Carteret County, North Carolina!!Percent Margin of Error","Census Tract 9704.02, Carteret County, North Carolina!!Estimate","Census Tract 9704.02, Carteret County, North Carolina!!Margin of Error","Census Tract 9704.02, Carteret County, North Carolina!!Percent","Census Tract 9704.02, Carteret County, North Carolina!!Percent Margin of Error","Census Tract 9704.03, Carteret County, North Carolina!!Estimate","Census Tract 9704.03, Carteret County, North Carolina!!Margin of Error","Census Tract 9704.03, Carteret County, North Carolina!!Percent","Census Tract 9704.03, Carteret County, North Carolina!!Percent Margin of Error","Census Tract 9705.01, Carteret County, North Carolina!!Estimate","Census Tract 9705.01, Carteret County, North Carolina!!Margin of Error","Census Tract 9705.01, Carteret County, North Carolina!!Percent","Census Tract 9705.01, Carteret County, North Carolina!!Percent Margin of Error","Census Tract 9705.02, Carteret County, North Carolina!!Estimate","Census Tract 9705.02, Carteret County, North Carolina!!Margin of Error","Census Tract 9705.02, Carteret County, North Carolina!!Percent","Census Tract 9705.02, Carteret County, North Carolina!!Percent Margin of Error","Census Tract 9705.03, Carteret County, North Carolina!!Estimate","Census Tract 9705.03, Carteret County, North Carolina!!Margin of Error","Census Tract 9705.03, Carteret County, North Carolina!!Percent","Census Tract 9705.03, Carteret County, North Carolina!!Percent Margin of Error","Census Tract 9705.04, Carteret County, North Carolina!!Estimate","Census Tract 9705.04, Carteret County, North Carolina!!Margin of Error","Census Tract 9705.04, Carteret County, North Carolina!!Percent","Census Tract 9705.04, Carteret County, North Carolina!!Percent Margin of Error","Census Tract 9706.01, Carteret County, North Carolina!!Estimate","Census Tract 9706.01, Carteret County, North Carolina!!Margin of Error","Census Tract 9706.01, Carteret County, North Carolina!!Percent","Census Tract 9706.01, Carteret County, North Carolina!!Percent Margin of Error","Census Tract 9706.02, Carteret County, North Carolina!!Estimate","Census Tract 9706.02, Carteret County, North Carolina!!Margin of Error","Census Tract 9706.02, Carteret County, North Carolina!!Percent","Census Tract 9706.02, Carteret County, North Carolina!!Percent Margin of Error","Census Tract 9706.03, Carteret County, North Carolina!!Estimate","Census Tract 9706.03, Carteret County, North Carolina!!Margin of Error","Census Tract 9706.03, Carteret County, North Carolina!!Percent","Census Tract 9706.03, Carteret County, North Carolina!!Percent Margin of Error","Census Tract 9706.06, Carteret County, North Carolina!!Estimate","Census Tract 9706.06, Carteret County, North Carolina!!Margin of Error","Census Tract 9706.06, Carteret County, North Carolina!!Percent","Census Tract 9706.06, Carteret County, North Carolina!!Percent Margin of Error","Census Tract 9707.01, Carteret County, North Carolina!!Estimate","Census Tract 9707.01, Carteret County, North Carolina!!Margin of Error","Census Tract 9707.01, Carteret County, North Carolina!!Percent","Census Tract 9707.01, Carteret County, North Carolina!!Percent Margin of Error","Census Tract 9707.02, Carteret County, North Carolina!!Estimate","Census Tract 9707.02, Carteret County, North Carolina!!Margin of Error","Census Tract 9707.02, Carteret County, North Carolina!!Percent","Census Tract 9707.02, Carteret County, North Carolina!!Percent Margin of Error","Census Tract 9707.03, Carteret County, North Carolina!!Estimate","Census Tract 9707.03, Carteret County, North Carolina!!Margin of Error","Census Tract 9707.03, Carteret County, North Carolina!!Percent","Census Tract 9707.03, Carteret County, North Carolina!!Percent Margin of Error","Census Tract 9707.04, Carteret County, North Carolina!!Estimate","Census Tract 9707.04, Carteret County, North Carolina!!Margin of Error","Census Tract 9707.04, Carteret County, North Carolina!!Percent","Census Tract 9707.04, Carteret County, North Carolina!!Percent Margin of Error","Census Tract 9708.01, Carteret County, North Carolina!!Estimate","Census Tract 9708.01, Carteret County, North Carolina!!Margin of Error","Census Tract 9708.01, Carteret County, North Carolina!!Percent","Census Tract 9708.01, Carteret County, North Carolina!!Percent Margin of Error","Census Tract 9708.04, Carteret County, North Carolina!!Estimate","Census Tract 9708.04, Carteret County, North Carolina!!Margin of Error","Census Tract 9708.04, Carteret County, North Carolina!!Percent","Census Tract 9708.04, Carteret County, North Carolina!!Percent Margin of Error","Census Tract 9708.05, Carteret County, North Carolina!!Estimate","Census Tract 9708.05, Carteret County, North Carolina!!Margin of Error","Census Tract 9708.05, Carteret County, North Carolina!!Percent","Census Tract 9708.05, Carteret County, North Carolina!!Percent Margin of Error","Census Tract 9708.06, Carteret County, North Carolina!!Estimate","Census Tract 9708.06, Carteret County, North Carolina!!Margin of Error","Census Tract 9708.06, Carteret County, North Carolina!!Percent","Census Tract 9708.06, Carteret County, North Carolina!!Percent Margin of Error","Census Tract 9709.03, Carteret County, North Carolina!!Estimate","Census Tract 9709.03, Carteret County, North Carolina!!Margin of Error","Census Tract 9709.03, Carteret County, North Carolina!!Percent","Census Tract 9709.03, Carteret County, North Carolina!!Percent Margin of Error","Census Tract 9709.04, Carteret County, North Carolina!!Estimate","Census Tract 9709.04, Carteret County, North Carolina!!Margin of Error","Census Tract 9709.04, Carteret County, North Carolina!!Percent","Census Tract 9709.04, Carteret County, North Carolina!!Percent Margin of Error","Census Tract 9710.03, Carteret County, North Carolina!!Estimate","Census Tract 9710.03, Carteret County, North Carolina!!Margin of Error","Census Tract 9710.03, Carteret County, North Carolina!!Percent","Census Tract 9710.03, Carteret County, North Carolina!!Percent Margin of Error","Census Tract 9711.03, Carteret County, North Carolina!!Estimate","Census Tract 9711.03, Carteret County, North Carolina!!Margin of Error","Census Tract 9711.03, Carteret County, North Carolina!!Percent","Census Tract 9711.03, Carteret County, North Carolina!!Percent Margin of Error","Census Tract 9801, Carteret County, North Carolina!!Estimate","Census Tract 9801, Carteret County, North Carolina!!Margin of Error","Census Tract 9801, Carteret County, North Carolina!!Percent","Census Tract 9801, Carteret County, North Carolina!!Percent Margin of Error","Census Tract 9901, Carteret County, North Carolina!!Estimate","Census Tract 9901, Carteret County, North Carolina!!Margin of Error","Census Tract 9901, Carteret County, North Carolina!!Percent","Census Tract 9901, Carteret County, North Carolina!!Percent Margin of Error","Census Tract 9902, Carteret County, North Carolina!!Estimate","Census Tract 9902, Carteret County, North Carolina!!Margin of Error","Census Tract 9902, Carteret County, North Carolina!!Percent","Census Tract 9902, Carteret County, North Carolina!!Percent Margin of Error"
"SEX AND AGE","","","","","","","","","","","","","","","","","","","","","","","","","","","","","","","","","","","","","","","","","","","","","","","","","","","","","","","","","","","","","","","","","","","","","","","","","","","","","","","","","","","","","","","","","","","","","","","","","","","","","","","","","","","","","","","","","","","","","","","","","","","","","","","","","","","",""
"    Total population","940","±270","940","(X)","2,392","±394","2,392","(X)","2,477","±357","2,477","(X)","1,250","±217","1,250","(X)","4,686","±600","4,686","(X)","2,324","±285","2,324","(X)","1,937","±256","1,937","(X)","1,444","±241","1,444","(X)","1,351","±201","1,351","(X)","1,196","±199","1,196","(X)","3,033","±450","3,033","(X)","2,204","±258","2,204","(X)","2,162","±254","2,162","(X)","1,861","±254","1,861","(X)","1,070","±192","1,070","(X)","1,105","±151","1,105","(X)","1,452","±295","1,452","(X)","3,767","±390","3,767","(X)","1,208","±251","1,208","(X)","3,629","±598","3,629","(X)","4,213","±433","4,213","(X)","2,161","±266","2,161","(X)","2,914","±347","2,914","(X)","3,906","±394","3,906","(X)","1,634","±227","1,634","(X)","4,263","±518","4,263","(X)","1,056","±160","1,056","(X)","2,788","±161","2,788","(X)","1,736","±166","1,736","(X)","1,785","±310","1,785","(X)","0","±13","0","(X)","0","±13","0","(X)","0","±13","0","(X)"
"        Male","497","±182","52.9%","±7.3","1,000","±183","41.8%","±5.4","1,325","±261","53.5%","±4.7","571","±99","45.7%","±6.2","2,311","±293","49.3%","±5.0","938","±187","40.4%","±4.6","884","±147","45.6%","±5.2","622","±126","43.1%","±5.5","665","±142","49.2%","±5.9","552","±128","46.2%","±6.3","1,530","±310","50.4%","±5.3","1,120","±157","50.8%","±3.5","950","±154","43.9%","±4.4","893","±161","48.0%","±5.1","542","±113","50.7%","±5.6","633","±102","57.3%","±4.5","710","±167","48.9%","±5.6","2,021","±280","53.7%","±3.2","602","±146","49.8%","±6.0","1,918","±346","52.9%","±4.8","2,057","±245","48.8%","±3.5","1,251","±178","57.9%","±3.8","1,620","±279","55.6%","±4.6","1,897","±252","48.6%","±2.7","838","±136","51.3%","±4.0","1,970","±239","46.2%","±3.1","522","±91","49.4%","±3.9","1,324","±121","47.5%","±2.7","857","±102","49.4%","±3.1","933","±188","52.3%","±4.1","0","±13","-","**","0","±13","-","**","0","±13","-","**"
"        Female","443","±119","47.1%","±7.3","1,392","±288","58.2%","±5.4","1,152","±158","46.5%","±4.7","679","±165","54.3%","±6.2","2,375","±451","50.7%","±5.0","1,386","±160","59.6%","±4.6","1,053","±180","54.4%","±5.2","822","±163","56.9%","±5.5","686","±114","50.8%","±5.9","644","±118","53.8%","±6.3","1,503","±241","49.6%","±5.3","1,084","±144","49.2%","±3.5","1,212","±164","56.1%","±4.4","968","±157","52.0%","±5.1","528","±114","49.3%","±5.6","472","±79","42.7%","±4.5","742","±170","51.1%","±5.6","1,746","±171","46.3%","±3.2","606","±144","50.2%","±6.0","1,711","±343","47.1%","±4.8","2,156","±276","51.2%","±3.5","910","±134","42.1%","±3.8","1,294","±153","44.4%","±4.6","2,009","±189","51.4%","±2.7","796","±127","48.7%","±4.0","2,293","±340","53.8%","±3.1","534","±89","50.6%","±3.9","1,464","±98","52.5%","±2.7","879","±96","50.6%","±3.1","852","±153","47.7%","±4.1","0","±13","-","**","0","±13","-","**","0","±13","-","**"
"        Sex ratio (males per 100 females)","112.2","±33.7","(X)","(X)","71.8","±16.0","(X)","(X)","115.0","±21.7","(X)","(X)","84.1","±21.0","(X)","(X)","97.3","±19.6","(X)","(X)","67.7","±12.9","(X)","(X)","84.0","±17.7","(X)","(X)","75.7","±17.0","(X)","(X)","96.9","±23.1","(X)","(X)","85.7","±21.6","(X)","(X)","101.8","±21.6","(X)","(X)","103.3","±14.5","(X)","(X)","78.4","±14.3","(X)","(X)","92.3","±18.9","(X)","(X)","102.7","±22.2","(X)","(X)","134.1","±25.1","(X)","(X)","95.7","±21.4","(X)","(X)","115.8","±14.7","(X)","(X)","99.3","±23.9","(X)","(X)","112.1","±21.1","(X)","(X)","95.4","±13.3","(X)","(X)","137.5","±21.1","(X)","(X)","125.2","±23.1","(X)","(X)","94.4","±10.1","(X)","(X)","105.3","±17.1","(X)","(X)","85.9","±10.7","(X)","(X)","97.8","±15.7","(X)","(X)","90.4","±10.1","(X)","(X)","97.5","±12.4","(X)","(X)","109.5","±18.0","(X)","(X)","-","**","(X)","(X)","-","**","(X)","(X)","-","**","(X)","(X)"
"        Under 5 years","65","±55","6.9%","±4.4","113","±70","4.7%","±2.8","42","±41","1.7%","±1.7","56","±32","4.5%","±2.7","167","±133","3.6%","±2.7","67","±44","2.9%","±1.9","100","±64","5.2%","±3.0","22","±25","1.5%","±1.7","125","±52","9.3%","±3.5","10","±9","0.8%","±0.8","161","±105","5.3%","±3.2","134","±80","6.1%","±3.4","90","±52","4.2%","±2.2","121","±52","6.5%","±2.6","84","±75","7.9%","±6.4","62","±54","5.6%","±4.4","71","±51","4.9%","±3.0","144","±61","3.8%","±1.6","13","±17","1.1%","±1.4","172","±115","4.7%","±3.1","109","±85","2.6%","±2.0","44","±36","2.0%","±1.7","165","±92","5.7%","±3.0","168","±79","4.3%","±1.9","83","±41","5.1%","±2.2","157","±63","3.7%","±1.5","41","±34","3.9%","±3.2","85","±41","3.0%","±1.5","37","±17","2.1%","±0.9","19","±19","1.1%","±1.0","0","±13","-","**","0","±13","-","**","0","±13","-","**"
"        5 to 9 years","37","±26","3.9%","±3.3","33","±29","1.4%","±1.2","88","±58","3.6%","±2.2","22","±16","1.8%","±1.4","242","±155","5.2%","±3.0","104","±62","4.5%","±2.6","25","±19","1.3%","±0.9","26","±22","1.8%","±1.5","78","±40","5.8%","±2.9","29","±20","2.4%","±1.7","62","±63","2.0%","±2.2","79","±32","3.6%","±1.5","165","±91","7.6%","±4.0","167","±66","9.0%","±3.1","32","±25","3.0%","±2.4","4","±6","0.4%","±0.6","77","±52","5.3%","±3.6","195","±121","5.2%","±3.2","40","±40","3.3%","±3.0","256","±135","7.1%","±3.2","223","±125","5.3%","±2.9","48","±39","2.2%","±1.8","143","±76","4.9%","±2.5","223","±68","5.7%","±1.7","109","±47","6.7%","±2.6","382","±143","9.0%","±2.6","12","±14","1.1%","±1.3","68","±41","2.4%","±1.5","54","±22","3.1%","±1.2","76","±55","4.3%","±3.0","0","±13","-","**","0","±13","-","**","0","±13","-","**"
"        10 to 14 years","68","±87","7.2%","±7.7","77","±44","3.2%","±1.9","73","±58","2.9%","±2.1","82","±63","6.6%","±4.6","217","±151","4.6%","±2.9","246","±189","10.6%","±7.5","13","±15","0.7%","±0.8","9","±15","0.6%","±1.0","17","±23","1.3%","±1.7","26","±18","2.2%","±1.6","281","±148","9.3%","±4.4","71","±38","3.2%","±1.8","194","±92","9.0%","±3.9","152","±64","8.2%","±3.0","70","±60","6.5%","±5.3","32","±30","2.9%","±2.6","138","±75","9.5%","±4.4","216","±149","5.7%","±3.6","103","±58","8.5%","±3.6","308","±166","8.5%","±3.8","191","±104","4.5%","±2.4","119","±57","5.5%","±2.4","188","±61","6.5%","±2.1","243","±90","6.2%","±2.2","72","±48","4.4%","±3.0","252","±91","5.9%","±2.1","35","±27","3.3%","±2.6","160","±56","5.7%","±2.0","66","±33","3.8%","±1.8","69","±65","3.9%","±3.5","0","±13","-","**","0","±13","-","**","0","±13","-","**"
"        15 to 19 years","8","±22","0.9%","±2.4","108","±68","4.5%","±2.7","184","±96","7.4%","±3.6","45","±34","3.6%","±2.7","188","±105","4.0%","±2.3","105","±72","4.5%","±2.9","151","±61","7.8%","±3.1","9","±9","0.6%","±0.7","44","±37","3.3%","±2.7","160","±78","13.4%","±5.5","62","±57","2.0%","±1.8","83","±71","3.8%","±3.1","85","±50","3.9%","±2.3","113","±49","6.1%","±2.6","64","±32","6.0%","±2.7","63","±40","5.7%","±3.5","85","±53","5.9%","±3.4","118","±49","3.1%","±1.3","103","±54","8.5%","±3.9","378","±170","10.4%","±4.0","287","±127","6.8%","±3.0","152","±79","7.0%","±3.6","173","±74","5.9%","±2.4","212","±77","5.4%","±1.9","91","±38","5.6%","±2.2","229","±77","5.4%","±1.8","32","±29","3.0%","±2.6","198","±57","7.1%","±2.0","36","±23","2.1%","±1.3","83","±61","4.6%","±3.3","0","±13","-","**","0","±13","-","**","0","±13","-","**"
"        20 to 24 years","30","±42","3.2%","±4.5","69","±60","2.9%","±2.4","76","±61","3.1%","±2.4","66","±53","5.3%","±3.9","160","±141","3.4%","±3.0","87","±77","3.7%","±3.3","137","±56","7.1%","±2.9","236","±136","16.3%","±8.0","68","±50","5.0%","±3.5","39","±31","3.3%","±2.7","237","±118","7.8%","±3.9","55","±44","2.5%","±1.9","27","±25","1.2%","±1.1","12","±18","0.6%","±1.0","31","±29","2.9%","±2.5","66","±25","6.0%","±2.6","79","±74","5.4%","±4.4","119","±56","3.2%","±1.5","28","±23","2.3%","±2.0","160","±79","4.4%","±2.1","204","±107","4.8%","±2.5","148","±81","6.8%","±3.5","267","±139","9.2%","±4.2","212","±114","5.4%","±2.7","96","±92","5.9%","±5.2","112","±54","2.6%","±1.2","0","±13","0.0%","±3.7","61","±38","2.2%","±1.4","36","±29","2.1%","±1.6","72","±49","4.0%","±2.8","0","±13","-","**","0","±13","-","**","0","±13","-","**"
"        25 to 34 years","134","±100","14.3%","±8.7","166","±116","6.9%","±4.8","254","±129","10.3%","±4.7","141","±103","11.3%","±7.7","602","±286","12.8%","±5.2","210","±103","9.0%","±4.6","209","±62","10.8%","±3.3","200","±103","13.9%","±6.0","231","±106","17.1%","±7.2","83","±44","6.9%","±3.9","562","±223","18.5%","±6.6","273","±96","12.4%","±3.9","224","±80","10.4%","±3.7","135","±59","7.3%","±3.1","41","±39","3.8%","±3.7","154","±84","13.9%","±6.9","214","±107","14.7%","±5.8","232","±88","6.2%","±2.2","108","±86","8.9%","±6.3","350","±169","9.6%","±4.3","575","±239","13.6%","±5.5","138","±63","6.4%","±2.8","139","±77","4.8%","±2.7","312","±146","8.0%","±3.5","161","±84","9.9%","±4.9","260","±101","6.1%","±2.3","52","±31","4.9%","±2.9","157","±67","5.6%","±2.4","70","±32","4.0%","±1.8","144","±77","8.1%","±4.1","0","±13","-","**","0","±13","-","**","0","±13","-","**"
"        35 to 44 years","47","±37","5.0%","±3.9","183","±83","7.7%","±3.3","204","±114","8.2%","±4.3","83","±30","6.6%","±2.4","426","±192","9.1%","±4.1","238","±108","10.2%","±4.1","172","±91","8.9%","±4.4","84","±45","5.8%","±3.2","106","±56","7.8%","±4.3","129","±61","10.8%","±4.7","317","±111","10.5%","±3.5","206","±52","9.3%","±2.5","278","±72","12.9%","±2.9","256","±72","13.8%","±3.3","150","±56","14.0%","±4.3","48","±41","4.3%","±3.6","181","±85","12.5%","±5.0","333","±112","8.8%","±2.6","92","±48","7.6%","±3.6","656","±236","18.1%","±5.4","728","±182","17.3%","±4.1","273","±115","12.6%","±4.7","496","±140","17.0%","±3.8","512","±109","13.1%","±2.7","182","±77","11.1%","±4.3","647","±284","15.2%","±5.5","72","±37","6.8%","±3.5","222","±56","8.0%","±2.1","126","±55","7.3%","±2.9","92","±59","5.2%","±3.3","0","±13","-","**","0","±13","-","**","0","±13","-","**"
"        45 to 54 years","118","±78","12.6%","±8.0","321","±109","13.4%","±4.6","358","±125","14.5%","±4.4","154","±61","12.3%","±4.6","412","±209","8.8%","±4.3","209","±85","9.0%","±3.4","266","±96","13.7%","±4.6","165","±79","11.4%","±5.1","89","±42","6.6%","±3.2","223","±114","18.6%","±8.5","318","±131","10.5%","±3.7","297","±96","13.5%","±3.9","313","±92","14.5%","±3.7","370","±114","19.9%","±5.9","132","±53","12.3%","±4.6","131","±76","11.9%","±6.3","158","±49","10.9%","±3.9","641","±206","17.0%","±4.7","169","±56","14.0%","±4.1","561","±195","15.5%","±5.4","505","±153","12.0%","±3.2","203","±60","9.4%","±2.8","341","±137","11.7%","±4.5","634","±138","16.2%","±3.2","305","±95","18.7%","±5.6","518","±105","12.2%","±2.5","175","±65","16.6%","±5.3","395","±82","14.2%","±3.1","152","±41","8.8%","±2.3","253","±88","14.2%","±4.6","0","±13","-","**","0","±13","-","**","0","±13","-","**"
"        55 to 59 years","38","±38","4.0%","±4.0","181","±79","7.6%","±3.5","370","±155","14.9%","±5.6","86","±42","6.9%","±3.6","548","±178","11.7%","±4.1","170","±91","7.3%","±3.8","133","±50","6.9%","±2.5","119","±62","8.2%","±4.1","133","±48","9.8%","±3.6","57","±32","4.8%","±2.7","228","±85","7.5%","±3.2","149","±55","6.8%","±2.6","88","±37","4.1%","±1.7","76","±40","4.1%","±2.2","105","±57","9.8%","±5.0","103","±44","9.3%","±3.6","164","±58","11.3%","±3.6","189","±60","5.0%","±1.7","145","±56","12.0%","±4.8","193","±83","5.3%","±2.3","194","±106","4.6%","±2.4","191","±53","8.8%","±2.8","117","±60","4.0%","±2.1","215","±75","5.5%","±1.8","128","±52","7.8%","±3.3","241","±61","5.7%","±1.5","93","±50","8.8%","±4.6","354","±127","12.7%","±4.4","208","±38","12.0%","±2.4","135","±65","7.6%","±3.6","0","±13","-","**","0","±13","-","**","0","±13","-","**"
"        60 to 64 years","98","±51","10.4%","±5.8","370","±227","15.5%","±8.4","270","±82","10.9%","±3.7","176","±81","14.1%","±5.9","263","±123","5.6%","±2.7","204","±78","8.8%","±3.5","192","±78","9.9%","±3.7","141","±76","9.8%","±5.1","206","±126","15.2%","±8.0","34","±26","2.8%","±2.1","306","±127","10.1%","±3.9","253","±81","11.5%","±3.3","244","±81","11.3%","±3.8","139","±50","7.5%","±2.7","94","±41","8.8%","±4.1","208","±68","18.8%","±7.2","92","±54","6.3%","±3.8","304","±96","8.1%","±2.5","97","±50","8.0%","±4.1","248","±90","6.8%","±2.8","334","±138","7.9%","±3.1","189","±68","8.7%","±3.1","283","±104","9.7%","±3.6","406","±114","10.4%","±2.8","118","±58","7.2%","±3.3","414","±119","9.7%","±3.0","149","±68","14.1%","±6.1","312","±99","11.2%","±3.4","219","±51","12.6%","±2.7","132","±49","7.4%","±3.0","0","±13","-","**","0","±13","-","**","0","±13","-","**"
"        65 to 74 years","159","±65","16.9%","±7.7","501","±196","20.9%","±7.3","319","±92","12.9%","±3.9","232","±118","18.6%","±9.0","1,083","±262","23.1%","±6.1","418","±114","18.0%","±5.2","288","±78","14.9%","±3.7","165","±59","11.4%","±4.4","170","±54","12.6%","±4.1","231","±66","19.3%","±6.2","350","±135","11.5%","±4.5","357","±71","16.2%","±3.2","237","±55","11.0%","±2.7","255","±103","13.7%","±5.0","182","±73","17.0%","±6.5","142","±44","12.9%","±3.9","128","±46","8.8%","±3.4","708","±114","18.8%","±3.3","254","±89","21.0%","±6.9","210","±95","5.8%","±2.6","433","±151","10.3%","±3.6","362","±162","16.8%","±7.0","377","±96","12.9%","±3.9","561","±111","14.4%","±2.9","152","±46","9.3%","±2.8","647","±140","15.2%","±3.1","287","±105","27.2%","±8.5","529","±117","19.0%","±3.9","441","±65","25.4%","±3.1","373","±89","20.9%","±5.3","0","±13","-","**","0","±13","-","**","0","±13","-","**"
"        75 to 84 years","92","±52","9.8%","±6.1","263","±119","11.0%","±5.0","109","±58","4.4%","±2.3","74","±43","5.9%","±3.6","307","±196","6.6%","±4.2","193","±75","8.3%","±3.4","214","±96","11.0%","±4.6","203","±72","14.1%","±5.2","49","±32","3.6%","±2.3","136","±66","11.4%","±5.1","107","±59","3.5%","±1.9","220","±100","10.0%","±4.2","111","±50","5.1%","±2.3","47","±32","2.5%","±1.7","69","±35","6.4%","±3.2","92","±47","8.3%","±4.3","52","±34","3.6%","±2.3","399","±87","10.6%","±2.5","44","±29","3.6%","±2.4","121","±56","3.3%","±1.6","355","±207","8.4%","±4.9","262","±118","12.1%","±5.4","159","±60","5.5%","±2.2","177","±63","4.5%","±1.5","117","±47","7.2%","±2.9","279","±61","6.5%","±1.6","87","±38","8.2%","±3.8","199","±48","7.1%","±1.8","179","±49","10.3%","±2.7","204","±93","11.4%","±4.3","0","±13","-","**","0","±13","-","**","0","±13","-","**"
"        85 years and over","46","±40","4.9%","±4.3","7","±11","0.3%","±0.4","130","±91","5.2%","±3.7","33","±32","2.6%","±2.5","71","±52","1.5%","±1.2","73","±48","3.1%","±2.0","37","±27","1.9%","±1.4","65","±59","4.5%","±4.2","35","±28","2.6%","±2.0","39","±28","3.3%","±2.3","42","±31","1.4%","±1.0","27","±22","1.2%","±1.0","106","±58","4.9%","±2.8","18","±21","1.0%","±1.1","16","±15","1.5%","±1.4","0","±13","0.0%","±3.6","13","±15","0.9%","±1.0","169","±57","4.5%","±1.7","12","±20","1.0%","±1.6","16","±18","0.4%","±0.5","75","±66","1.8%","±1.5","32","±40","1.5%","±1.8","66","±43","2.3%","±1.5","31","±23","0.8%","±0.6","20","±21","1.2%","±1.3","125","±53","2.9%","±1.3","21","±17","2.0%","±1.5","48","±30","1.7%","±1.1","112","±41","6.5%","±2.3","133","±127","7.5%","±6.5","0","±13","-","**","0","±13","-","**","0","±13","-","**"
"        Median age (years)","50.3","±16.7","(X)","(X)","58.7","±5.2","(X)","(X)","53.7","±4.3","(X)","(X)","53.8","±6.7","(X)","(X)","52.3","±8.9","(X)","(X)","50.6","±7.7","(X)","(X)","50.9","±4.2","(X)","(X)","54.1","±11.9","(X)","(X)","46.9","±13.3","(X)","(X)","49.5","±2.7","(X)","(X)","39.8","±6.2","(X)","(X)","52.5","±4.6","(X)","(X)","46.5","±4.2","(X)","(X)","44.5","±3.1","(X)","(X)","49.1","±6.7","(X)","(X)","53.4","±9.2","(X)","(X)","39.4","±6.3","(X)","(X)","53.8","±3.5","(X)","(X)","50.5","±8.8","(X)","(X)","38.4","±4.1","(X)","(X)","42.7","±3.3","(X)","(X)","53.6","±5.2","(X)","(X)","42.3","±4.5","(X)","(X)","47.1","±3.8","(X)","(X)","45.5","±4.1","(X)","(X)","46.6","±6.2","(X)","(X)","60.9","±4.9","(X)","(X)","56.1","±3.1","(X)","(X)","62.7","±2.0","(X)","(X)","57.5","±6.1","(X)","(X)","-","**","(X)","(X)","-","**","(X)","(X)","-","**","(X)","(X)"
"        Under 18 years","173","±136","18.4%","±10.6","324","±102","13.5%","±3.8","287","±128","11.6%","±4.9","178","±67","14.2%","±4.8","743","±360","15.9%","±6.3","522","±235","22.5%","±8.6","181","±71","9.3%","±3.0","66","±37","4.6%","±2.6","228","±76","16.9%","±5.1","84","±22","7.0%","±2.1","522","±199","17.2%","±5.4","342","±93","15.5%","±3.5","514","±147","23.8%","±5.0","523","±135","28.1%","±5.2","215","±93","20.1%","±6.6","161","±71","14.6%","±4.9","343","±132","23.6%","±6.6","661","±190","17.5%","±3.9","228","±109","18.9%","±6.1","946","±314","26.1%","±5.7","669","±178","15.9%","±3.7","273","±95","12.6%","±3.9","625","±153","21.4%","±4.1","803","±157","20.6%","±3.2","338","±74","20.7%","±2.9","965","±199","22.6%","±2.9","109","±40","10.3%","±3.4","476","±104","17.1%","±3.5","172","±52","9.9%","±2.7","218","±104","12.2%","±5.2","0","±13","-","**","0","±13","-","**","0","±13","-","**"
"        16 years and over","770","±181","81.9%","±10.4","2,162","±369","90.4%","±3.3","2,236","±332","90.3%","±4.7","1,090","±199","87.2%","±5.3","4,040","±406","86.2%","±6.5","1,857","±223","79.9%","±6.8","1,788","±219","92.3%","±2.9","1,383","±234","95.8%","±2.5","1,131","±183","83.7%","±5.1","1,119","±197","93.6%","±1.7","2,521","±360","83.1%","±5.5","1,920","±239","87.1%","±3.4","1,713","±176","79.2%","±5.1","1,386","±179","74.5%","±4.7","873","±151","81.6%","±6.1","997","±103","90.2%","±4.6","1,166","±229","80.3%","±5.5","3,171","±284","84.2%","±3.9","1,033","±189","85.5%","±5.5","2,832","±406","78.0%","±5.8","3,639","±386","86.4%","±3.0","1,917","±244","88.7%","±3.5","2,377","±290","81.6%","±4.3","3,194","±321","81.8%","±3.0","1,335","±176","81.7%","±3.0","3,374","±379","79.1%","±2.9","968","±152","91.7%","±3.6","2,433","±164","87.3%","±3.4","1,571","±150","90.5%","±2.7","1,618","±290","90.6%","±4.4","0","±13","-","**","0","±13","-","**","0","±13","-","**"
"        18 years and over","767","±174","81.6%","±10.6","2,068","±356","86.5%","±3.8","2,190","±334","88.4%","±4.9","1,072","±196","85.8%","±4.8","3,943","±391","84.1%","±6.3","1,802","±225","77.5%","±8.6","1,756","±218","90.7%","±3.0","1,378","±234","95.4%","±2.6","1,123","±184","83.1%","±5.1","1,112","±197","93.0%","±2.1","2,511","±358","82.8%","±5.4","1,862","±219","84.5%","±3.5","1,648","±168","76.2%","±5.0","1,338","±178","71.9%","±5.2","855","±140","79.9%","±6.6","944","±103","85.4%","±4.9","1,109","±223","76.4%","±6.6","3,106","±281","82.5%","±3.9","980","±172","81.1%","±6.1","2,683","±377","73.9%","±5.7","3,544","±381","84.1%","±3.7","1,888","±236","87.4%","±3.9","2,289","±275","78.6%","±4.1","3,103","±321","79.4%","±3.2","1,296","±173","79.3%","±2.9","3,298","±378","77.4%","±2.9","947","±144","89.7%","±3.4","2,312","±158","82.9%","±3.5","1,564","±149","90.1%","±2.7","1,567","±280","87.8%","±5.2","0","±13","-","**","0","±13","-","**","0","±13","-","**"
"        21 years and over","761","±170","81.0%","±10.7","2,037","±347","85.2%","±4.0","2,080","±300","84.0%","±4.8","1,045","±192","83.6%","±5.0","3,872","±397","82.6%","±6.1","1,789","±219","77.0%","±8.3","1,598","±212","82.5%","±3.8","1,378","±234","95.4%","±2.6","1,087","±181","80.5%","±5.8","971","±159","81.2%","±5.4","2,440","±356","80.4%","±6.3","1,818","±210","82.5%","±3.5","1,620","±165","74.9%","±5.0","1,308","±175","70.3%","±5.0","810","±142","75.7%","±6.8","907","±107","82.1%","±6.2","1,071","±216","73.8%","±6.7","3,062","±283","81.3%","±3.9","949","±164","78.6%","±5.6","2,515","±340","69.3%","±6.0","3,403","±382","80.8%","±3.8","1,724","±221","79.8%","±5.2","2,225","±268","76.4%","±4.3","3,036","±320","77.7%","±3.3","1,253","±172","76.7%","±3.2","3,224","±370","75.6%","±3.0","936","±142","88.6%","±3.3","2,259","±160","81.0%","±3.8","1,530","±143","88.1%","±2.8","1,522","±284","85.3%","±6.0","0","±13","-","**","0","±13","-","**","0","±13","-","**"
"        62 years and over","356","±109","37.9%","±13.8","1,049","±291","43.9%","±8.1","769","±150","31.0%","±6.6","479","±136","38.3%","±8.9","1,612","±349","34.4%","±8.3","795","±139","34.2%","±6.8","638","±145","32.9%","±6.0","521","±102","36.1%","±7.9","421","±136","31.2%","±7.4","424","±97","35.5%","±7.5","749","±188","24.7%","±5.7","805","±169","36.5%","±6.3","590","±100","27.3%","±4.9","411","±122","22.1%","±5.6","332","±79","31.0%","±7.2","362","±48","32.8%","±5.0","252","±76","17.4%","±5.6","1,450","±163","38.5%","±5.1","381","±98","31.5%","±7.4","481","±141","13.3%","±4.2","1,060","±247","25.2%","±5.7","741","±176","34.3%","±7.1","789","±140","27.1%","±5.8","1,001","±139","25.6%","±3.8","365","±64","22.3%","±3.9","1,287","±155","30.2%","±4.0","527","±120","49.9%","±8.6","968","±142","34.7%","±4.7","894","±108","51.5%","±4.3","777","±237","43.5%","±9.5","0","±13","-","**","0","±13","-","**","0","±13","-","**"
"        65 years and over","297","±95","31.6%","±11.8","771","±203","32.2%","±7.0","558","±135","22.5%","±5.6","339","±114","27.1%","±8.5","1,461","±327","31.2%","±7.7","684","±120","29.4%","±5.9","539","±129","27.8%","±5.5","433","±84","30.0%","±6.9","254","±61","18.8%","±4.3","406","±96","33.9%","±7.7","499","±137","16.5%","±4.5","604","±123","27.4%","±4.9","454","±77","21.0%","±4.0","320","±108","17.2%","±5.1","267","±80","25.0%","±6.9","234","±40","21.2%","±3.7","193","±54","13.3%","±4.2","1,276","±136","33.9%","±4.7","310","±94","25.7%","±7.2","347","±120","9.6%","±3.4","863","±224","20.5%","±5.1","656","±167","30.4%","±6.6","602","±113","20.7%","±4.8","769","±121","19.7%","±3.1","289","±40","17.7%","±2.9","1,051","±134","24.7%","±3.3","395","±104","37.4%","±8.1","776","±121","27.8%","±4.1","732","±89","42.2%","±3.8","710","±231","39.8%","±9.4","0","±13","-","**","0","±13","-","**","0","±13","-","**"
"        18 years and over","767","±174","767","(X)","2,068","±356","2,068","(X)","2,190","±334","2,190","(X)","1,072","±196","1,072","(X)","3,943","±391","3,943","(X)","1,802","±225","1,802","(X)","1,756","±218","1,756","(X)","1,378","±234","1,378","(X)","1,123","±184","1,123","(X)","1,112","±197","1,112","(X)","2,511","±358","2,511","(X)","1,862","±219","1,862","(X)","1,648","±168","1,648","(X)","1,338","±178","1,338","(X)","855","±140","855","(X)","944","±103","944","(X)","1,109","±223","1,109","(X)","3,106","±281","3,106","(X)","980","±172","980","(X)","2,683","±377","2,683","(X)","3,544","±381","3,544","(X)","1,888","±236","1,888","(X)","2,289","±275","2,289","(X)","3,103","±321","3,103","(X)","1,296","±173","1,296","(X)","3,298","±378","3,298","(X)","947","±144","947","(X)","2,312","±158","2,312","(X)","1,564","±149","1,564","(X)","1,567","±280","1,567","(X)","0","±13","0","(X)","0","±13","0","(X)","0","±13","0","(X)"
"            Male","354","±83","46.2%","±6.5","915","±164","44.2%","±5.7","1,128","±238","51.5%","±4.8","459","±92","42.8%","±6.5","1,968","±243","49.9%","±4.1","662","±136","36.7%","±4.9","789","±129","44.9%","±5.6","582","±130","42.2%","±6.2","538","±130","47.9%","±7.0","525","±127","47.2%","±6.8","1,205","±232","48.0%","±4.8","900","±137","48.3%","±4.2","720","±110","43.7%","±4.6","598","±96","44.7%","±5.2","418","±77","48.9%","±4.7","510","±85","54.0%","±5.9","532","±119","48.0%","±5.9","1,548","±174","49.8%","±2.7","507","±116","51.7%","±4.8","1,382","±217","51.5%","±4.0","1,778","±226","50.2%","±3.9","1,077","±150","57.0%","±3.7","1,143","±192","49.9%","±3.9","1,571","±217","50.6%","±2.9","679","±115","52.4%","±4.6","1,567","±201","47.5%","±2.6","473","±82","49.9%","±4.0","1,115","±95","48.2%","±2.3","809","±98","51.7%","±2.8","804","±172","51.3%","±4.5","0","±13","-","**","0","±13","-","**","0","±13","-","**"
"            Female","413","±116","53.8%","±6.5","1,153","±259","55.8%","±5.7","1,062","±147","48.5%","±4.8","613","±149","57.2%","±6.5","1,975","±263","50.1%","±4.1","1,140","±148","63.3%","±4.9","967","±166","55.1%","±5.6","796","±159","57.8%","±6.2","585","±111","52.1%","±7.0","587","±118","52.8%","±6.8","1,306","±195","52.0%","±4.8","962","±132","51.7%","±4.2","928","±118","56.3%","±4.6","740","±131","55.3%","±5.2","437","±85","51.1%","±4.7","434","±68","46.0%","±5.9","577","±141","52.0%","±5.9","1,558","±153","50.2%","±2.7","473","±78","48.3%","±4.8","1,301","±218","48.5%","±4.0","1,766","±243","49.8%","±3.9","811","±123","43.0%","±3.7","1,146","±128","50.1%","±3.9","1,532","±146","49.4%","±2.9","617","±94","47.6%","±4.6","1,731","±214","52.5%","±2.6","474","±81","50.1%","±4.0","1,197","±95","51.8%","±2.3","755","±74","48.3%","±2.8","763","±140","48.7%","±4.5","0","±13","-","**","0","±13","-","**","0","±13","-","**"
"            Sex ratio (males per 100 females)","85.7","±23.2","(X)","(X)","79.4","±18.2","(X)","(X)","106.2","±20.1","(X)","(X)","74.9","±20.0","(X)","(X)","99.6","±16.4","(X)","(X)","58.1","±12.4","(X)","(X)","81.6","±18.7","(X)","(X)","73.1","±18.4","(X)","(X)","92.0","±25.9","(X)","(X)","89.4","±24.4","(X)","(X)","92.3","±17.6","(X)","(X)","93.6","±15.8","(X)","(X)","77.6","±14.7","(X)","(X)","80.8","±16.9","(X)","(X)","95.7","±17.7","(X)","(X)","117.5","±28.9","(X)","(X)","92.2","±22.2","(X)","(X)","99.4","±10.8","(X)","(X)","107.2","±20.6","(X)","(X)","106.2","±17.0","(X)","(X)","100.7","±15.9","(X)","(X)","132.8","±20.1","(X)","(X)","99.7","±15.3","(X)","(X)","102.5","±12.0","(X)","(X)","110.0","±19.8","(X)","(X)","90.5","±9.5","(X)","(X)","99.8","±16.4","(X)","(X)","93.1","±8.6","(X)","(X)","107.2","±12.1","(X)","(X)","105.4","±19.0","(X)","(X)","-","**","(X)","(X)","-","**","(X)","(X)","-","**","(X)","(X)"
"        65 years and over","297","±95","297","(X)","771","±203","771","(X)","558","±135","558","(X)","339","±114","339","(X)","1,461","±327","1,461","(X)","684","±120","684","(X)","539","±129","539","(X)","433","±84","433","(X)","254","±61","254","(X)","406","±96","406","(X)","499","±137","499","(X)","604","±123","604","(X)","454","±77","454","(X)","320","±108","320","(X)","267","±80","267","(X)","234","±40","234","(X)","193","±54","193","(X)","1,276","±136","1,276","(X)","310","±94","310","(X)","347","±120","347","(X)","863","±224","863","(X)","656","±167","656","(X)","602","±113","602","(X)","769","±121","769","(X)","289","±40","289","(X)","1,051","±134","1,051","(X)","395","±104","395","(X)","776","±121","776","(X)","732","±89","732","(X)","710","±231","710","(X)","0","±13","0","(X)","0","±13","0","(X)","0","±13","0","(X)"
"            Male","127","±44","42.8%","±9.3","289","±107","37.5%","±8.4","259","±67","46.4%","±10.7","196","±66","57.8%","±9.7","685","±185","46.9%","±8.0","299","±72","43.7%","±8.6","205","±62","38.0%","±8.8","128","±47","29.6%","±10.3","116","±39","45.7%","±13.0","191","±46","47.0%","±7.7","227","±69","45.5%","±7.5","268","±75","44.4%","±6.2","204","±47","44.9%","±8.4","136","±48","42.5%","±13.9","116","±29","43.4%","±10.1","128","±32","54.7%","±11.1","102","±39","52.8%","±13.0","616","±97","48.3%","±5.3","171","±75","55.2%","±11.5","157","±79","45.2%","±11.6","328","±140","38.0%","±9.7","366","±102","55.8%","±7.4","332","±81","55.1%","±8.4","362","±76","47.1%","±5.6","156","±49","54.0%","±14.4","496","±94","47.2%","±5.6","181","±50","45.8%","±5.4","376","±73","48.5%","±4.1","386","±54","52.7%","±3.4","360","±135","50.7%","±6.2","0","±13","-","**","0","±13","-","**","0","±13","-","**"
"            Female","170","±67","57.2%","±9.3","482","±133","62.5%","±8.4","299","±111","53.6%","±10.7","143","±64","42.2%","±9.7","776","±217","53.1%","±8.0","385","±96","56.3%","±8.6","334","±99","62.0%","±8.8","305","±80","70.4%","±10.3","138","±51","54.3%","±13.0","215","±67","53.0%","±7.7","272","±88","54.5%","±7.5","336","±68","55.6%","±6.2","250","±62","55.1%","±8.4","184","±91","57.5%","±13.9","151","±65","56.6%","±10.1","106","±33","45.3%","±11.1","91","±35","47.2%","±13.0","660","±95","51.7%","±5.3","139","±40","44.8%","±11.5","190","±63","54.8%","±11.6","535","±131","62.0%","±9.7","290","±92","44.2%","±7.4","270","±70","44.9%","±8.4","407","±72","52.9%","±5.6","133","±44","46.0%","±14.4","555","±84","52.8%","±5.6","214","±62","54.2%","±5.4","400","±63","51.5%","±4.1","346","±47","47.3%","±3.4","350","±113","49.3%","±6.2","0","±13","-","**","0","±13","-","**","0","±13","-","**"
"            Sex ratio (males per 100 females)","74.7","±29.0","(X)","(X)","60.0","±21.7","(X)","(X)","86.6","±38.3","(X)","(X)","137.1","±56.5","(X)","(X)","88.3","±28.8","(X)","(X)","77.7","±27.5","(X)","(X)","61.4","±23.2","(X)","(X)","42.0","±21.0","(X)","(X)","84.1","±46.2","(X)","(X)","88.8","±27.3","(X)","(X)","83.5","±25.4","(X)","(X)","79.8","±19.6","(X)","(X)","81.6","±28.0","(X)","(X)","73.9","±44.7","(X)","(X)","76.8","±31.6","(X)","(X)","120.8","±59.2","(X)","(X)","112.1","±62.4","(X)","(X)","93.3","±19.7","(X)","(X)","123.0","±55.0","(X)","(X)","82.6","±41.7","(X)","(X)","61.3","±24.9","(X)","(X)","126.2","±39.0","(X)","(X)","123.0","±42.0","(X)","(X)","88.9","±20.1","(X)","(X)","117.3","±70.1","(X)","(X)","89.4","±20.1","(X)","(X)","84.6","±18.6","(X)","(X)","94.0","±15.6","(X)","(X)","111.6","±15.3","(X)","(X)","102.9","±26.0","(X)","(X)","-","**","(X)","(X)","-","**","(X)","(X)","-","**","(X)","(X)"
"RACE","","","","","","","","","","","","","","","","","","","","","","","","","","","","","","","","","","","","","","","","","","","","","","","","","","","","","","","","","","","","","","","","","","","","","","","","","","","","","","","","","","","","","","","","","","","","","","","","","","","","","","","","","","","","","","","","","","","","","","","","","","","","","","","","","","","",""
"    Total population","940","±270","940","(X)","2,392","±394","2,392","(X)","2,477","±357","2,477","(X)","1,250","±217","1,250","(X)","4,686","±600","4,686","(X)","2,324","±285","2,324","(X)","1,937","±256","1,937","(X)","1,444","±241","1,444","(X)","1,351","±201","1,351","(X)","1,196","±199","1,196","(X)","3,033","±450","3,033","(X)","2,204","±258","2,204","(X)","2,162","±254","2,162","(X)","1,861","±254","1,861","(X)","1,070","±192","1,070","(X)","1,105","±151","1,105","(X)","1,452","±295","1,452","(X)","3,767","±390","3,767","(X)","1,208","±251","1,208","(X)","3,629","±598","3,629","(X)","4,213","±433","4,213","(X)","2,161","±266","2,161","(X)","2,914","±347","2,914","(X)","3,906","±394","3,906","(X)","1,634","±227","1,634","(X)","4,263","±518","4,263","(X)","1,056","±160","1,056","(X)","2,788","±161","2,788","(X)","1,736","±166","1,736","(X)","1,785","±310","1,785","(X)","0","±13","0","(X)","0","±13","0","(X)","0","±13","0","(X)"
"        One race","937","±270","99.7%","±0.7","2,332","±394","97.5%","±2.4","2,454","±356","99.1%","±1.1","1,246","±216","99.7%","±0.5","4,471","±573","95.4%","±3.0","2,178","±295","93.7%","±4.1","1,870","±257","96.5%","±2.2","1,420","±237","98.3%","±1.2","1,236","±185","91.5%","±5.5","921","±157","77.0%","±8.8","2,786","±462","91.9%","±5.8","2,184","±259","99.1%","±1.0","1,971","±238","91.2%","±5.0","1,690","±261","90.8%","±8.2","1,057","±195","98.8%","±1.4","1,105","±151","100.0%","±3.6","1,447","±295","99.7%","±0.6","3,651","±389","96.9%","±1.5","1,169","±256","96.8%","±3.7","3,555","±593","98.0%","±2.3","3,994","±466","94.8%","±4.0","2,030","±281","93.9%","±4.2","2,861","±350","98.2%","±1.3","3,817","±402","97.7%","±1.7","1,449","±217","88.7%","±5.6","4,130","±513","96.9%","±1.8","923","±158","87.4%","±8.3","2,670","±180","95.8%","±3.4","1,719","±166","99.0%","±0.9","1,770","±311","99.2%","±1.0","0","±13","-","**","0","±13","-","**","0","±13","-","**"
"        Two or more races","3","±7","0.3%","±0.7","60","±57","2.5%","±2.4","23","±27","0.9%","±1.1","4","±6","0.3%","±0.5","215","±143","4.6%","±3.0","146","±93","6.3%","±4.1","67","±43","3.5%","±2.2","24","±18","1.7%","±1.2","115","±80","8.5%","±5.5","275","±122","23.0%","±8.8","247","±172","8.1%","±5.8","20","±22","0.9%","±1.0","191","±115","8.8%","±5.0","171","±157","9.2%","±8.2","13","±15","1.2%","±1.4","0","±13","0.0%","±3.6","5","±9","0.3%","±0.6","116","±55","3.1%","±1.5","39","±44","3.2%","±3.7","74","±83","2.0%","±2.3","219","±167","5.2%","±4.0","131","±89","6.1%","±4.2","53","±36","1.8%","±1.3","89","±66","2.3%","±1.7","185","±96","11.3%","±5.6","133","±78","3.1%","±1.8","133","±92","12.6%","±8.3","118","±95","4.2%","±3.4","17","±16","1.0%","±0.9","15","±18","0.8%","±1.0","0","±13","-","**","0","±13","-","**","0","±13","-","**"
"        One race","937","±270","99.7%","±0.7","2,332","±394","97.5%","±2.4","2,454","±356","99.1%","±1.1","1,246","±216","99.7%","±0.5","4,471","±573","95.4%","±3.0","2,178","±295","93.7%","±4.1","1,870","±257","96.5%","±2.2","1,420","±237","98.3%","±1.2","1,236","±185","91.5%","±5.5","921","±157","77.0%","±8.8","2,786","±462","91.9%","±5.8","2,184","±259","99.1%","±1.0","1,971","±238","91.2%","±5.0","1,690","±261","90.8%","±8.2","1,057","±195","98.8%","±1.4","1,105","±151","100.0%","±3.6","1,447","±295","99.7%","±0.6","3,651","±389","96.9%","±1.5","1,169","±256","96.8%","±3.7","3,555","±593","98.0%","±2.3","3,994","±466","94.8%","±4.0","2,030","±281","93.9%","±4.2","2,861","±350","98.2%","±1.3","3,817","±402","97.7%","±1.7","1,449","±217","88.7%","±5.6","4,130","±513","96.9%","±1.8","923","±158","87.4%","±8.3","2,670","±180","95.8%","±3.4","1,719","±166","99.0%","±0.9","1,770","±311","99.2%","±1.0","0","±13","-","**","0","±13","-","**","0","±13","-","**"
"            White","868","±252","92.3%","±12.8","2,280","±398","95.3%","±3.5","2,440","±356","98.5%","±1.4","1,205","±209","96.4%","±4.9","3,408","±596","72.7%","±7.5","1,916","±286","82.4%","±6.2","1,437","±213","74.2%","±5.9","1,256","±231","87.0%","±7.5","979","±166","72.5%","±8.7","893","±151","74.7%","±8.6","2,648","±469","87.3%","±7.3","2,146","±261","97.4%","±2.3","1,707","±220","79.0%","±7.3","1,537","±238","82.6%","±8.8","1,016","±177","95.0%","±4.3","992","±124","89.8%","±10.7","1,139","±212","78.4%","±12.0","3,389","±382","90.0%","±4.4","1,099","±248","91.0%","±6.1","3,493","±587","96.3%","±2.6","3,715","±459","88.2%","±4.8","1,941","±282","89.8%","±5.5","2,711","±367","93.0%","±3.5","3,578","±385","91.6%","±3.8","1,375","±209","84.1%","±6.2","4,013","±511","94.1%","±2.6","914","±161","86.6%","±8.8","2,605","±192","93.4%","±3.8","1,692","±161","97.5%","±1.7","1,737","±306","97.3%","±2.4","0","±13","-","**","0","±13","-","**","0","±13","-","**"
"            Black or African American","34","±33","3.6%","±3.6","45","±56","1.9%","±2.4","0","±13","0.0%","±1.6","33","±60","2.6%","±4.8","955","±251","20.4%","±5.1","202","±124","8.7%","±5.2","401","±133","20.7%","±5.9","149","±111","10.3%","±7.4","227","±101","16.8%","±6.6","19","±25","1.6%","±2.2","65","±55","2.1%","±1.8","34","±42","1.5%","±1.9","109","±80","5.0%","±3.6","47","±46","2.5%","±2.5","13","±22","1.2%","±2.1","0","±13","0.0%","±3.6","48","±61","3.3%","±4.1","36","±47","1.0%","±1.3","22","±25","1.8%","±2.1","24","±32","0.7%","±0.9","221","±101","5.2%","±2.4","34","±54","1.6%","±2.5","104","±74","3.6%","±2.6","89","±94","2.3%","±2.3","12","±20","0.7%","±1.2","42","±57","1.0%","±1.3","7","±13","0.7%","±1.2","7","±12","0.3%","±0.4","10","±14","0.6%","±0.8","32","±39","1.8%","±2.2","0","±13","-","**","0","±13","-","**","0","±13","-","**"
"            American Indian and Alaska Native","0","±13","0.0%","±4.2","0","±13","0.0%","±1.7","0","±13","0.0%","±1.6","0","±13","0.0%","±3.1","91","±87","1.9%","±1.9","0","±13","0.0%","±1.7","7","±15","0.4%","±0.8","0","±13","0.0%","±2.7","11","±21","0.8%","±1.5","0","±13","0.0%","±3.3","0","±13","0.0%","±1.3","4","±6","0.2%","±0.3","0","±13","0.0%","±1.8","0","±13","0.0%","±2.1","3","±6","0.3%","±0.6","0","±13","0.0%","±3.6","0","±13","0.0%","±2.7","0","±13","0.0%","±1.1","8","±10","0.7%","±0.8","8","±12","0.2%","±0.3","0","±13","0.0%","±0.9","16","±22","0.7%","±1.0","17","±29","0.6%","±1.0","9","±11","0.2%","±0.3","3","±6","0.2%","±0.4","4","±6","0.1%","±0.1","2","±3","0.2%","±0.3","40","±42","1.4%","±1.5","5","±7","0.3%","±0.4","1","±3","0.1%","±0.2","0","±13","-","**","0","±13","-","**","0","±13","-","**"
"                Cherokee tribal grouping","0","±13","0.0%","±4.2","0","±13","0.0%","±1.7","0","±13","0.0%","±1.6","0","±13","0.0%","±3.1","0","±13","0.0%","±0.8","0","±13","0.0%","±1.7","0","±13","0.0%","±2.0","0","±13","0.0%","±2.7","0","±13","0.0%","±2.9","0","±13","0.0%","±3.3","0","±13","0.0%","±1.3","0","±13","0.0%","±1.8","0","±13","0.0%","±1.8","0","±13","0.0%","±2.1","0","±13","0.0%","±3.7","0","±13","0.0%","±3.6","0","±13","0.0%","±2.7","0","±13","0.0%","±1.1","0","±13","0.0%","±3.3","0","±13","0.0%","±1.1","0","±13","0.0%","±0.9","0","±13","0.0%","±1.8","0","±13","0.0%","±1.4","0","±13","0.0%","±1.0","0","±13","0.0%","±2.4","0","±13","0.0%","±0.9","0","±13","0.0%","±3.7","4","±6","0.1%","±0.2","0","±13","0.0%","±2.3","0","±13","0.0%","±2.2","0","±13","-","**","0","±13","-","**","0","±13","-","**"
"                Chippewa tribal grouping","0","±13","0.0%","±4.2","0","±13","0.0%","±1.7","0","±13","0.0%","±1.6","0","±13","0.0%","±3.1","0","±13","0.0%","±0.8","0","±13","0.0%","±1.7","0","±13","0.0%","±2.0","0","±13","0.0%","±2.7","0","±13","0.0%","±2.9","0","±13","0.0%","±3.3","0","±13","0.0%","±1.3","0","±13","0.0%","±1.8","0","±13","0.0%","±1.8","0","±13","0.0%","±2.1","0","±13","0.0%","±3.7","0","±13","0.0%","±3.6","0","±13","0.0%","±2.7","0","±13","0.0%","±1.1","0","±13","0.0%","±3.3","0","±13","0.0%","±1.1","0","±13","0.0%","±0.9","0","±13","0.0%","±1.8","0","±13","0.0%","±1.4","0","±13","0.0%","±1.0","0","±13","0.0%","±2.4","0","±13","0.0%","±0.9","0","±13","0.0%","±3.7","0","±13","0.0%","±1.4","0","±13","0.0%","±2.3","0","±13","0.0%","±2.2","0","±13","-","**","0","±13","-","**","0","±13","-","**"
"                Navajo tribal grouping","0","±13","0.0%","±4.2","0","±13","0.0%","±1.7","0","±13","0.0%","±1.6","0","±13","0.0%","±3.1","0","±13","0.0%","±0.8","0","±13","0.0%","±1.7","0","±13","0.0%","±2.0","0","±13","0.0%","±2.7","0","±13","0.0%","±2.9","0","±13","0.0%","±3.3","0","±13","0.0%","±1.3","0","±13","0.0%","±1.8","0","±13","0.0%","±1.8","0","±13","0.0%","±2.1","0","±13","0.0%","±3.7","0","±13","0.0%","±3.6","0","±13","0.0%","±2.7","0","±13","0.0%","±1.1","0","±13","0.0%","±3.3","0","±13","0.0%","±1.1","0","±13","0.0%","±0.9","0","±13","0.0%","±1.8","0","±13","0.0%","±1.4","0","±13","0.0%","±1.0","0","±13","0.0%","±2.4","0","±13","0.0%","±0.9","0","±13","0.0%","±3.7","0","±13","0.0%","±1.4","0","±13","0.0%","±2.3","0","±13","0.0%","±2.2","0","±13","-","**","0","±13","-","**","0","±13","-","**"
"                Sioux tribal grouping","0","±13","0.0%","±4.2","0","±13","0.0%","±1.7","0","±13","0.0%","±1.6","0","±13","0.0%","±3.1","0","±13","0.0%","±0.8","0","±13","0.0%","±1.7","0","±13","0.0%","±2.0","0","±13","0.0%","±2.7","0","±13","0.0%","±2.9","0","±13","0.0%","±3.3","0","±13","0.0%","±1.3","0","±13","0.0%","±1.8","0","±13","0.0%","±1.8","0","±13","0.0%","±2.1","0","±13","0.0%","±3.7","0","±13","0.0%","±3.6","0","±13","0.0%","±2.7","0","±13","0.0%","±1.1","3","±4","0.2%","±0.4","0","±13","0.0%","±1.1","0","±13","0.0%","±0.9","0","±13","0.0%","±1.8","0","±13","0.0%","±1.4","0","±13","0.0%","±1.0","0","±13","0.0%","±2.4","4","±6","0.1%","±0.1","0","±13","0.0%","±3.7","0","±13","0.0%","±1.4","0","±13","0.0%","±2.3","0","±13","0.0%","±2.2","0","±13","-","**","0","±13","-","**","0","±13","-","**"
"            Asian","0","±13","0.0%","±4.2","7","±17","0.3%","±0.7","0","±13","0.0%","±1.6","8","±16","0.6%","±1.2","0","±13","0.0%","±0.8","0","±13","0.0%","±1.7","11","±22","0.6%","±1.1","15","±21","1.0%","±1.5","15","±23","1.1%","±1.7","0","±13","0.0%","±3.3","56","±54","1.8%","±1.8","0","±13","0.0%","±1.8","92","±83","4.3%","±3.7","106","±89","5.7%","±4.5","0","±13","0.0%","±3.7","113","±128","10.2%","±10.7","0","±13","0.0%","±2.7","137","±110","3.6%","±2.9","40","±55","3.3%","±4.4","30","±35","0.8%","±1.0","58","±57","1.4%","±1.3","0","±13","0.0%","±1.8","29","±41","1.0%","±1.4","69","±47","1.8%","±1.2","59","±64","3.6%","±4.0","22","±23","0.5%","±0.5","0","±13","0.0%","±3.7","0","±13","0.0%","±1.4","11","±20","0.6%","±1.1","0","±13","0.0%","±2.2","0","±13","-","**","0","±13","-","**","0","±13","-","**"
"                Asian Indian","0","±13","0.0%","±4.2","0","±13","0.0%","±1.7","0","±13","0.0%","±1.6","0","±13","0.0%","±3.1","0","±13","0.0%","±0.8","0","±13","0.0%","±1.7","9","±22","0.5%","±1.1","15","±21","1.0%","±1.5","0","±13","0.0%","±2.9","0","±13","0.0%","±3.3","0","±13","0.0%","±1.3","0","±13","0.0%","±1.8","73","±73","3.4%","±3.3","39","±61","2.1%","±3.2","0","±13","0.0%","±3.7","0","±13","0.0%","±3.6","0","±13","0.0%","±2.7","0","±13","0.0%","±1.1","0","±13","0.0%","±3.3","0","±13","0.0%","±1.1","0","±13","0.0%","±0.9","0","±13","0.0%","±1.8","0","±13","0.0%","±1.4","0","±13","0.0%","±1.0","39","±61","2.4%","±3.7","0","±13","0.0%","±0.9","0","±13","0.0%","±3.7","0","±13","0.0%","±1.4","0","±13","0.0%","±2.3","0","±13","0.0%","±2.2","0","±13","-","**","0","±13","-","**","0","±13","-","**"
"                Chinese","0","±13","0.0%","±4.2","7","±17","0.3%","±0.7","0","±13","0.0%","±1.6","8","±16","0.6%","±1.2","0","±13","0.0%","±0.8","0","±13","0.0%","±1.7","0","±13","0.0%","±2.0","0","±13","0.0%","±2.7","15","±23","1.1%","±1.7","0","±13","0.0%","±3.3","0","±13","0.0%","±1.3","0","±13","0.0%","±1.8","0","±13","0.0%","±1.8","0","±13","0.0%","±2.1","0","±13","0.0%","±3.7","0","±13","0.0%","±3.6","0","±13","0.0%","±2.7","0","±13","0.0%","±1.1","40","±55","3.3%","±4.4","0","±13","0.0%","±1.1","0","±13","0.0%","±0.9","0","±13","0.0%","±1.8","0","±13","0.0%","±1.4","0","±13","0.0%","±1.0","0","±13","0.0%","±2.4","0","±13","0.0%","±0.9","0","±13","0.0%","±3.7","0","±13","0.0%","±1.4","11","±20","0.6%","±1.1","0","±13","0.0%","±2.2","0","±13","-","**","0","±13","-","**","0","±13","-","**"
"                Filipino","0","±13","0.0%","±4.2","0","±13","0.0%","±1.7","0","±13","0.0%","±1.6","0","±13","0.0%","±3.1","0","±13","0.0%","±0.8","0","±13","0.0%","±1.7","2","±4","0.1%","±0.2","0","±13","0.0%","±2.7","0","±13","0.0%","±2.9","0","±13","0.0%","±3.3","56","±54","1.8%","±1.8","0","±13","0.0%","±1.8","0","±13","0.0%","±1.8","38","±31","2.0%","±1.6","0","±13","0.0%","±3.7","0","±13","0.0%","±3.6","0","±13","0.0%","±2.7","12","±18","0.3%","±0.5","0","±13","0.0%","±3.3","0","±13","0.0%","±1.1","25","±40","0.6%","±0.9","0","±13","0.0%","±1.8","29","±41","1.0%","±1.4","4","±7","0.1%","±0.2","0","±13","0.0%","±2.4","20","±22","0.5%","±0.5","0","±13","0.0%","±3.7","0","±13","0.0%","±1.4","0","±13","0.0%","±2.3","0","±13","0.0%","±2.2","0","±13","-","**","0","±13","-","**","0","±13","-","**"
"                Japanese","0","±13","0.0%","±4.2","0","±13","0.0%","±1.7","0","±13","0.0%","±1.6","0","±13","0.0%","±3.1","0","±13","0.0%","±0.8","0","±13","0.0%","±1.7","0","±13","0.0%","±2.0","0","±13","0.0%","±2.7","0","±13","0.0%","±2.9","0","±13","0.0%","±3.3","0","±13","0.0%","±1.3","0","±13","0.0%","±1.8","19","±27","0.9%","±1.2","0","±13","0.0%","±2.1","0","±13","0.0%","±3.7","1","±3","0.1%","±0.3","0","±13","0.0%","±2.7","0","±13","0.0%","±1.1","0","±13","0.0%","±3.3","7","±19","0.2%","±0.5","33","±53","0.8%","±1.2","0","±13","0.0%","±1.8","0","±13","0.0%","±1.4","0","±13","0.0%","±1.0","20","±22","1.2%","±1.4","0","±13","0.0%","±0.9","0","±13","0.0%","±3.7","0","±13","0.0%","±1.4","0","±13","0.0%","±2.3","0","±13","0.0%","±2.2","0","±13","-","**","0","±13","-","**","0","±13","-","**"
"                Korean","0","±13","0.0%","±4.2","0","±13","0.0%","±1.7","0","±13","0.0%","±1.6","0","±13","0.0%","±3.1","0","±13","0.0%","±0.8","0","±13","0.0%","±1.7","0","±13","0.0%","±2.0","0","±13","0.0%","±2.7","0","±13","0.0%","±2.9","0","±13","0.0%","±3.3","0","±13","0.0%","±1.3","0","±13","0.0%","±1.8","0","±13","0.0%","±1.8","0","±13","0.0%","±2.1","0","±13","0.0%","±3.7","0","±13","0.0%","±3.6","0","±13","0.0%","±2.7","0","±13","0.0%","±1.1","0","±13","0.0%","±3.3","0","±13","0.0%","±1.1","0","±13","0.0%","±0.9","0","±13","0.0%","±1.8","0","±13","0.0%","±1.4","0","±13","0.0%","±1.0","0","±13","0.0%","±2.4","2","±5","0.0%","±0.1","0","±13","0.0%","±3.7","0","±13","0.0%","±1.4","0","±13","0.0%","±2.3","0","±13","0.0%","±2.2","0","±13","-","**","0","±13","-","**","0","±13","-","**"
"                Vietnamese","0","±13","0.0%","±4.2","0","±13","0.0%","±1.7","0","±13","0.0%","±1.6","0","±13","0.0%","±3.1","0","±13","0.0%","±0.8","0","±13","0.0%","±1.7","0","±13","0.0%","±2.0","0","±13","0.0%","±2.7","0","±13","0.0%","±2.9","0","±13","0.0%","±3.3","0","±13","0.0%","±1.3","0","±13","0.0%","±1.8","0","±13","0.0%","±1.8","29","±43","1.6%","±2.2","0","±13","0.0%","±3.7","112","±128","10.1%","±10.7","0","±13","0.0%","±2.7","74","±63","2.0%","±1.6","0","±13","0.0%","±3.3","23","±32","0.6%","±0.9","0","±13","0.0%","±0.9","0","±13","0.0%","±1.8","0","±13","0.0%","±1.4","40","±33","1.0%","±0.9","0","±13","0.0%","±2.4","0","±13","0.0%","±0.9","0","±13","0.0%","±3.7","0","±13","0.0%","±1.4","0","±13","0.0%","±2.3","0","±13","0.0%","±2.2","0","±13","-","**","0","±13","-","**","0","±13","-","**"
"                Other Asian","0","±13","0.0%","±4.2","0","±13","0.0%","±1.7","0","±13","0.0%","±1.6","0","±13","0.0%","±3.1","0","±13","0.0%","±0.8","0","±13","0.0%","±1.7","0","±13","0.0%","±2.0","0","±13","0.0%","±2.7","0","±13","0.0%","±2.9","0","±13","0.0%","±3.3","0","±13","0.0%","±1.3","0","±13","0.0%","±1.8","0","±13","0.0%","±1.8","0","±13","0.0%","±2.1","0","±13","0.0%","±3.7","0","±13","0.0%","±3.6","0","±13","0.0%","±2.7","51","±63","1.4%","±1.7","0","±13","0.0%","±3.3","0","±13","0.0%","±1.1","0","±13","0.0%","±0.9","0","±13","0.0%","±1.8","0","±13","0.0%","±1.4","25","±37","0.6%","±0.9","0","±13","0.0%","±2.4","0","±13","0.0%","±0.9","0","±13","0.0%","±3.7","0","±13","0.0%","±1.4","0","±13","0.0%","±2.3","0","±13","0.0%","±2.2","0","±13","-","**","0","±13","-","**","0","±13","-","**"
"            Native Hawaiian and Other Pacific Islander","2","±4","0.2%","±0.5","0","±13","0.0%","±1.7","0","±13","0.0%","±1.6","0","±13","0.0%","±3.1","0","±13","0.0%","±0.8","0","±13","0.0%","±1.7","0","±13","0.0%","±2.0","0","±13","0.0%","±2.7","0","±13","0.0%","±2.9","4","±9","0.3%","±0.8","0","±13","0.0%","±1.3","0","±13","0.0%","±1.8","0","±13","0.0%","±1.8","0","±13","0.0%","±2.1","0","±13","0.0%","±3.7","0","±13","0.0%","±3.6","0","±13","0.0%","±2.7","0","±13","0.0%","±1.1","0","±13","0.0%","±3.3","0","±13","0.0%","±1.1","0","±13","0.0%","±0.9","0","±13","0.0%","±1.8","0","±13","0.0%","±1.4","0","±13","0.0%","±1.0","0","±13","0.0%","±2.4","7","±11","0.2%","±0.3","0","±13","0.0%","±3.7","18","±30","0.6%","±1.1","0","±13","0.0%","±2.3","0","±13","0.0%","±2.2","0","±13","-","**","0","±13","-","**","0","±13","-","**"
"                Native Hawaiian","0","±13","0.0%","±4.2","0","±13","0.0%","±1.7","0","±13","0.0%","±1.6","0","±13","0.0%","±3.1","0","±13","0.0%","±0.8","0","±13","0.0%","±1.7","0","±13","0.0%","±2.0","0","±13","0.0%","±2.7","0","±13","0.0%","±2.9","0","±13","0.0%","±3.3","0","±13","0.0%","±1.3","0","±13","0.0%","±1.8","0","±13","0.0%","±1.8","0","±13","0.0%","±2.1","0","±13","0.0%","±3.7","0","±13","0.0%","±3.6","0","±13","0.0%","±2.7","0","±13","0.0%","±1.1","0","±13","0.0%","±3.3","0","±13","0.0%","±1.1","0","±13","0.0%","±0.9","0","±13","0.0%","±1.8","0","±13","0.0%","±1.4","0","±13","0.0%","±1.0","0","±13","0.0%","±2.4","0","±13","0.0%","±0.9","0","±13","0.0%","±3.7","18","±30","0.6%","±1.1","0","±13","0.0%","±2.3","0","±13","0.0%","±2.2","0","±13","-","**","0","±13","-","**","0","±13","-","**"
"                Chamorro","0","±13","0.0%","±4.2","0","±13","0.0%","±1.7","0","±13","0.0%","±1.6","0","±13","0.0%","±3.1","0","±13","0.0%","±0.8","0","±13","0.0%","±1.7","0","±13","0.0%","±2.0","0","±13","0.0%","±2.7","0","±13","0.0%","±2.9","0","±13","0.0%","±3.3","0","±13","0.0%","±1.3","0","±13","0.0%","±1.8","0","±13","0.0%","±1.8","0","±13","0.0%","±2.1","0","±13","0.0%","±3.7","0","±13","0.0%","±3.6","0","±13","0.0%","±2.7","0","±13","0.0%","±1.1","0","±13","0.0%","±3.3","0","±13","0.0%","±1.1","0","±13","0.0%","±0.9","0","±13","0.0%","±1.8","0","±13","0.0%","±1.4","0","±13","0.0%","±1.0","0","±13","0.0%","±2.4","7","±11","0.2%","±0.3","0","±13","0.0%","±3.7","0","±13","0.0%","±1.4","0","±13","0.0%","±2.3","0","±13","0.0%","±2.2","0","±13","-","**","0","±13","-","**","0","±13","-","**"
"                Samoan","0","±13","0.0%","±4.2","0","±13","0.0%","±1.7","0","±13","0.0%","±1.6","0","±13","0.0%","±3.1","0","±13","0.0%","±0.8","0","±13","0.0%","±1.7","0","±13","0.0%","±2.0","0","±13","0.0%","±2.7","0","±13","0.0%","±2.9","0","±13","0.0%","±3.3","0","±13","0.0%","±1.3","0","±13","0.0%","±1.8","0","±13","0.0%","±1.8","0","±13","0.0%","±2.1","0","±13","0.0%","±3.7","0","±13","0.0%","±3.6","0","±13","0.0%","±2.7","0","±13","0.0%","±1.1","0","±13","0.0%","±3.3","0","±13","0.0%","±1.1","0","±13","0.0%","±0.9","0","±13","0.0%","±1.8","0","±13","0.0%","±1.4","0","±13","0.0%","±1.0","0","±13","0.0%","±2.4","0","±13","0.0%","±0.9","0","±13","0.0%","±3.7","0","±13","0.0%","±1.4","0","±13","0.0%","±2.3","0","±13","0.0%","±2.2","0","±13","-","**","0","±13","-","**","0","±13","-","**"
"                Other Pacific Islander","2","±4","0.2%","±0.5","0","±13","0.0%","±1.7","0","±13","0.0%","±1.6","0","±13","0.0%","±3.1","0","±13","0.0%","±0.8","0","±13","0.0%","±1.7","0","±13","0.0%","±2.0","0","±13","0.0%","±2.7","0","±13","0.0%","±2.9","4","±9","0.3%","±0.8","0","±13","0.0%","±1.3","0","±13","0.0%","±1.8","0","±13","0.0%","±1.8","0","±13","0.0%","±2.1","0","±13","0.0%","±3.7","0","±13","0.0%","±3.6","0","±13","0.0%","±2.7","0","±13","0.0%","±1.1","0","±13","0.0%","±3.3","0","±13","0.0%","±1.1","0","±13","0.0%","±0.9","0","±13","0.0%","±1.8","0","±13","0.0%","±1.4","0","±13","0.0%","±1.0","0","±13","0.0%","±2.4","0","±13","0.0%","±0.9","0","±13","0.0%","±3.7","0","±13","0.0%","±1.4","0","±13","0.0%","±2.3","0","±13","0.0%","±2.2","0","±13","-","**","0","±13","-","**","0","±13","-","**"
"            Some other race","33","±120","3.5%","±12.8","0","±13","0.0%","±1.7","14","±20","0.6%","±0.8","0","±13","0.0%","±3.1","17","±28","0.4%","±0.6","60","±58","2.6%","±2.5","14","±21","0.7%","±1.1","0","±13","0.0%","±2.7","4","±10","0.3%","±0.7","5","±8","0.4%","±0.7","17","±28","0.6%","±0.9","0","±13","0.0%","±1.8","63","±83","2.9%","±3.8","0","±13","0.0%","±2.1","25","±41","2.3%","±3.6","0","±13","0.0%","±3.6","260","±204","17.9%","±11.9","89","±110","2.4%","±2.9","0","±13","0.0%","±3.3","0","±13","0.0%","±1.1","0","±13","0.0%","±0.9","39","±41","1.8%","±1.9","0","±13","0.0%","±1.4","72","±82","1.8%","±2.0","0","±13","0.0%","±2.4","42","±47","1.0%","±1.1","0","±13","0.0%","±3.7","0","±13","0.0%","±1.4","1","±2","0.1%","±0.1","0","±13","0.0%","±2.2","0","±13","-","**","0","±13","-","**","0","±13","-","**"
"        Two or more races","3","±7","0.3%","±0.7","60","±57","2.5%","±2.4","23","±27","0.9%","±1.1","4","±6","0.3%","±0.5","215","±143","4.6%","±3.0","146","±93","6.3%","±4.1","67","±43","3.5%","±2.2","24","±18","1.7%","±1.2","115","±80","8.5%","±5.5","275","±122","23.0%","±8.8","247","±172","8.1%","±5.8","20","±22","0.9%","±1.0","191","±115","8.8%","±5.0","171","±157","9.2%","±8.2","13","±15","1.2%","±1.4","0","±13","0.0%","±3.6","5","±9","0.3%","±0.6","116","±55","3.1%","±1.5","39","±44","3.2%","±3.7","74","±83","2.0%","±2.3","219","±167","5.2%","±4.0","131","±89","6.1%","±4.2","53","±36","1.8%","±1.3","89","±66","2.3%","±1.7","185","±96","11.3%","±5.6","133","±78","3.1%","±1.8","133","±92","12.6%","±8.3","118","±95","4.2%","±3.4","17","±16","1.0%","±0.9","15","±18","0.8%","±1.0","0","±13","-","**","0","±13","-","**","0","±13","-","**"
"            White and Black or African American","3","±7","0.3%","±0.7","0","±13","0.0%","±1.7","14","±21","0.6%","±0.9","4","±6","0.3%","±0.5","193","±139","4.1%","±2.9","91","±108","3.9%","±4.7","12","±18","0.6%","±0.9","0","±13","0.0%","±2.7","5","±9","0.4%","±0.6","237","±119","19.8%","±8.6","143","±159","4.7%","±5.2","0","±13","0.0%","±1.8","42","±52","1.9%","±2.4","28","±38","1.5%","±2.0","9","±14","0.8%","±1.4","0","±13","0.0%","±3.6","0","±13","0.0%","±2.7","31","±35","0.8%","±0.9","0","±13","0.0%","±3.3","66","±78","1.8%","±2.1","56","±68","1.3%","±1.6","19","±29","0.9%","±1.3","27","±28","0.9%","±1.0","32","±42","0.8%","±1.1","90","±104","5.5%","±6.2","26","±26","0.6%","±0.6","16","±22","1.5%","±2.1","0","±13","0.0%","±1.4","0","±13","0.0%","±2.3","0","±13","0.0%","±2.2","0","±13","-","**","0","±13","-","**","0","±13","-","**"
"            White and American Indian and Alaska Native","0","±13","0.0%","±4.2","60","±57","2.5%","±2.4","3","±6","0.1%","±0.2","0","±13","0.0%","±3.1","0","±13","0.0%","±0.8","44","±38","1.9%","±1.7","4","±6","0.2%","±0.3","24","±18","1.7%","±1.2","32","±40","2.4%","±3.0","0","±13","0.0%","±3.3","10","±16","0.3%","±0.5","3","±5","0.1%","±0.2","21","±22","1.0%","±1.0","0","±13","0.0%","±2.1","3","±4","0.3%","±0.4","0","±13","0.0%","±3.6","0","±13","0.0%","±2.7","65","±30","1.7%","±0.8","27","±38","2.2%","±3.2","0","±13","0.0%","±1.1","16","±23","0.4%","±0.6","52","±45","2.4%","±2.2","26","±19","0.9%","±0.7","26","±42","0.7%","±1.1","28","±25","1.7%","±1.5","9","±10","0.2%","±0.2","13","±17","1.2%","±1.6","9","±11","0.3%","±0.4","0","±13","0.0%","±2.3","4","±5","0.2%","±0.3","0","±13","-","**","0","±13","-","**","0","±13","-","**"
"            White and Asian","0","±13","0.0%","±4.2","0","±13","0.0%","±1.7","6","±18","0.2%","±0.7","0","±13","0.0%","±3.1","0","±13","0.0%","±0.8","0","±13","0.0%","±1.7","0","±13","0.0%","±2.0","0","±13","0.0%","±2.7","0","±13","0.0%","±2.9","0","±13","0.0%","±3.3","28","±52","0.9%","±1.8","4","±6","0.2%","±0.3","0","±13","0.0%","±1.8","22","±28","1.2%","±1.5","0","±13","0.0%","±3.7","0","±13","0.0%","±3.6","0","±13","0.0%","±2.7","10","±11","0.3%","±0.3","0","±13","0.0%","±3.3","0","±13","0.0%","±1.1","10","±17","0.2%","±0.4","0","±13","0.0%","±1.8","0","±13","0.0%","±1.4","21","±23","0.5%","±0.6","9","±16","0.6%","±1.0","18","±26","0.4%","±0.6","22","±25","2.1%","±2.3","0","±13","0.0%","±1.4","11","±14","0.6%","±0.8","0","±13","0.0%","±2.2","0","±13","-","**","0","±13","-","**","0","±13","-","**"
"            Black or African American and American Indian and Alaska Native","0","±13","0.0%","±4.2","0","±13","0.0%","±1.7","0","±13","0.0%","±1.6","0","±13","0.0%","±3.1","0","±13","0.0%","±0.8","0","±13","0.0%","±1.7","19","±20","1.0%","±1.0","0","±13","0.0%","±2.7","50","±81","3.7%","±5.8","38","±36","3.2%","±3.1","0","±13","0.0%","±1.3","0","±13","0.0%","±1.8","91","±108","4.2%","±4.9","0","±13","0.0%","±2.1","0","±13","0.0%","±3.7","0","±13","0.0%","±3.6","0","±13","0.0%","±2.7","0","±13","0.0%","±1.1","0","±13","0.0%","±3.3","0","±13","0.0%","±1.1","0","±13","0.0%","±0.9","0","±13","0.0%","±1.8","0","±13","0.0%","±1.4","0","±13","0.0%","±1.0","0","±13","0.0%","±2.4","0","±13","0.0%","±0.9","15","±25","1.4%","±2.4","0","±13","0.0%","±1.4","0","±13","0.0%","±2.3","0","±13","0.0%","±2.2","0","±13","-","**","0","±13","-","**","0","±13","-","**"
"Race alone or in combination with one or more other races","","","","","","","","","","","","","","","","","","","","","","","","","","","","","","","","","","","","","","","","","","","","","","","","","","","","","","","","","","","","","","","","","","","","","","","","","","","","","","","","","","","","","","","","","","","","","","","","","","","","","","","","","","","","","","","","","","","","","","","","","","","","","","","","","","","",""
"    Total population","940","±270","940","(X)","2,392","±394","2,392","(X)","2,477","±357","2,477","(X)","1,250","±217","1,250","(X)","4,686","±600","4,686","(X)","2,324","±285","2,324","(X)","1,937","±256","1,937","(X)","1,444","±241","1,444","(X)","1,351","±201","1,351","(X)","1,196","±199","1,196","(X)","3,033","±450","3,033","(X)","2,204","±258","2,204","(X)","2,162","±254","2,162","(X)","1,861","±254","1,861","(X)","1,070","±192","1,070","(X)","1,105","±151","1,105","(X)","1,452","±295","1,452","(X)","3,767","±390","3,767","(X)","1,208","±251","1,208","(X)","3,629","±598","3,629","(X)","4,213","±433","4,213","(X)","2,161","±266","2,161","(X)","2,914","±347","2,914","(X)","3,906","±394","3,906","(X)","1,634","±227","1,634","(X)","4,263","±518","4,263","(X)","1,056","±160","1,056","(X)","2,788","±161","2,788","(X)","1,736","±166","1,736","(X)","1,785","±310","1,785","(X)","0","±13","0","(X)","0","±13","0","(X)","0","±13","0","(X)"
"        White","871","±253","92.7%","±13.0","2,340","±398","97.8%","±2.5","2,463","±357","99.4%","±0.8","1,209","±210","96.7%","±4.9","3,623","±598","77.3%","±6.1","2,062","±293","88.7%","±6.4","1,485","±215","76.7%","±5.9","1,280","±234","88.6%","±7.4","1,044","±168","77.3%","±8.7","1,130","±197","94.5%","±3.5","2,895","±444","95.5%","±2.6","2,162","±259","98.1%","±2.1","1,770","±238","81.9%","±7.7","1,698","±241","91.2%","±5.2","1,029","±174","96.2%","±3.7","992","±124","89.8%","±10.7","1,144","±214","78.8%","±12.2","3,505","±384","93.0%","±4.3","1,138","±244","94.2%","±5.0","3,567","±592","98.3%","±1.4","3,934","±427","93.4%","±2.8","2,071","±263","95.8%","±3.0","2,764","±365","94.9%","±3.2","3,667","±370","93.9%","±3.0","1,560","±224","95.5%","±4.1","4,146","±515","97.3%","±1.7","1,032","±166","97.7%","±3.6","2,655","±193","95.2%","±3.6","1,709","±160","98.4%","±1.3","1,752","±305","98.2%","±2.3","0","±13","-","**","0","±13","-","**","0","±13","-","**"
"        Black or African American","37","±35","3.9%","±3.8","45","±56","1.9%","±2.4","14","±21","0.6%","±0.9","37","±60","3.0%","±4.8","1,148","±334","24.5%","±6.6","304","±146","13.1%","±6.2","439","±134","22.7%","±5.9","149","±111","10.3%","±7.4","303","±130","22.4%","±8.0","294","±122","24.6%","±8.6","274","±200","9.0%","±6.6","34","±42","1.5%","±1.9","279","±161","12.9%","±7.0","196","±144","10.5%","±7.4","22","±35","2.1%","±3.4","0","±13","0.0%","±3.6","48","±61","3.3%","±4.1","77","±73","2.0%","±2.0","34","±32","2.8%","±2.7","90","±84","2.5%","±2.3","277","±109","6.6%","±2.6","53","±62","2.5%","±2.8","131","±80","4.5%","±2.9","121","±108","3.1%","±2.7","102","±105","6.2%","±6.2","68","±63","1.6%","±1.5","47","±45","4.5%","±4.3","7","±12","0.3%","±0.4","10","±14","0.6%","±0.8","32","±39","1.8%","±2.2","0","±13","-","**","0","±13","-","**","0","±13","-","**"
"        American Indian and Alaska Native","0","±13","0.0%","±4.2","60","±57","2.5%","±2.4","3","±6","0.1%","±0.2","0","±13","0.0%","±3.1","113","±97","2.4%","±2.2","55","±42","2.4%","±1.8","30","±25","1.5%","±1.3","24","±18","1.7%","±1.2","114","±84","8.4%","±5.8","38","±36","3.2%","±3.1","76","±56","2.5%","±1.9","11","±14","0.5%","±0.7","112","±108","5.2%","±4.9","121","±131","6.5%","±6.8","7","±8","0.7%","±0.7","0","±13","0.0%","±3.6","0","±13","0.0%","±2.7","75","±36","2.0%","±0.9","47","±44","3.9%","±3.8","8","±12","0.2%","±0.3","16","±23","0.4%","±0.6","68","±50","3.1%","±2.5","43","±34","1.5%","±1.2","35","±42","0.9%","±1.1","31","±26","1.9%","±1.6","13","±12","0.3%","±0.3","39","±35","3.7%","±3.3","100","±74","3.6%","±2.7","5","±7","0.3%","±0.4","5","±6","0.3%","±0.3","0","±13","-","**","0","±13","-","**","0","±13","-","**"
"        Asian","0","±13","0.0%","±4.2","7","±17","0.3%","±0.7","6","±18","0.2%","±0.7","8","±16","0.6%","±1.2","0","±13","0.0%","±0.8","0","±13","0.0%","±1.7","11","±22","0.6%","±1.1","15","±21","1.0%","±1.5","36","±36","2.7%","±2.6","0","±13","0.0%","±3.3","84","±84","2.8%","±2.9","8","±10","0.4%","±0.5","92","±83","4.3%","±3.7","207","±126","11.1%","±6.2","0","±13","0.0%","±3.7","113","±128","10.2%","±10.7","0","±13","0.0%","±2.7","151","±111","4.0%","±3.0","52","±58","4.3%","±4.6","30","±35","0.8%","±1.0","68","±66","1.6%","±1.5","1","±3","0.0%","±0.1","29","±41","1.0%","±1.4","90","±53","2.3%","±1.4","68","±67","4.2%","±4.1","56","±50","1.3%","±1.2","22","±25","2.1%","±2.3","68","±77","2.4%","±2.7","22","±25","1.3%","±1.4","0","±13","0.0%","±2.2","0","±13","-","**","0","±13","-","**","0","±13","-","**"
"        Native Hawaiian and Other Pacific Islander","2","±4","0.2%","±0.5","0","±13","0.0%","±1.7","0","±13","0.0%","±1.6","0","±13","0.0%","±3.1","0","±13","0.0%","±0.8","0","±13","0.0%","±1.7","0","±13","0.0%","±2.0","0","±13","0.0%","±2.7","0","±13","0.0%","±2.9","4","±9","0.3%","±0.8","0","±13","0.0%","±1.3","0","±13","0.0%","±1.8","0","±13","0.0%","±1.8","0","±13","0.0%","±2.1","1","±3","0.1%","±0.3","0","±13","0.0%","±3.6","0","±13","0.0%","±2.7","0","±13","0.0%","±1.1","0","±13","0.0%","±3.3","8","±15","0.2%","±0.4","0","±13","0.0%","±0.9","1","±3","0.0%","±0.1","0","±13","0.0%","±1.4","0","±13","0.0%","±1.0","58","±51","3.5%","±3.2","59","±52","1.4%","±1.2","0","±13","0.0%","±3.7","86","±82","3.1%","±2.9","0","±13","0.0%","±2.3","0","±13","0.0%","±2.2","0","±13","-","**","0","±13","-","**","0","±13","-","**"
"        Some other race","33","±120","3.5%","±12.8","0","±13","0.0%","±1.7","14","±20","0.6%","±0.8","0","±13","0.0%","±3.1","39","±45","0.8%","±1.0","60","±58","2.6%","±2.5","46","±43","2.4%","±2.2","0","±13","0.0%","±2.7","11","±14","0.8%","±1.0","5","±8","0.4%","±0.7","17","±28","0.6%","±0.9","9","±19","0.4%","±0.8","100","±100","4.6%","±4.5","10","±14","0.5%","±0.8","25","±41","2.3%","±3.6","0","±13","0.0%","±3.6","265","±203","18.3%","±11.7","89","±110","2.4%","±2.9","0","±13","0.0%","±3.3","0","±13","0.0%","±1.1","137","±149","3.3%","±3.5","98","±80","4.5%","±3.7","0","±13","0.0%","±1.4","82","±83","2.1%","±2.1","0","±13","0.0%","±2.4","70","±73","1.6%","±1.7","58","±82","5.5%","±7.5","41","±48","1.5%","±1.7","7","±9","0.4%","±0.5","11","±16","0.6%","±0.9","0","±13","-","**","0","±13","-","**","0","±13","-","**"
"HISPANIC OR LATINO AND RACE","","","","","","","","","","","","","","","","","","","","","","","","","","","","","","","","","","","","","","","","","","","","","","","","","","","","","","","","","","","","","","","","","","","","","","","","","","","","","","","","","","","","","","","","","","","","","","","","","","","","","","","","","","","","","","","","","","","","","","","","","","","","","","","","","","","",""
"    Total population","940","±270","940","(X)","2,392","±394","2,392","(X)","2,477","±357","2,477","(X)","1,250","±217","1,250","(X)","4,686","±600","4,686","(X)","2,324","±285","2,324","(X)","1,937","±256","1,937","(X)","1,444","±241","1,444","(X)","1,351","±201","1,351","(X)","1,196","±199","1,196","(X)","3,033","±450","3,033","(X)","2,204","±258","2,204","(X)","2,162","±254","2,162","(X)","1,861","±254","1,861","(X)","1,070","±192","1,070","(X)","1,105","±151","1,105","(X)","1,452","±295","1,452","(X)","3,767","±390","3,767","(X)","1,208","±251","1,208","(X)","3,629","±598","3,629","(X)","4,213","±433","4,213","(X)","2,161","±266","2,161","(X)","2,914","±347","2,914","(X)","3,906","±394","3,906","(X)","1,634","±227","1,634","(X)","4,263","±518","4,263","(X)","1,056","±160","1,056","(X)","2,788","±161","2,788","(X)","1,736","±166","1,736","(X)","1,785","±310","1,785","(X)","0","±13","0","(X)","0","±13","0","(X)","0","±13","0","(X)"
"        Hispanic or Latino (of any race)","39","±120","4.1%","±12.7","28","±36","1.2%","±1.6","0","±13","0.0%","±1.6","50","±79","4.0%","±6.1","59","±55","1.3%","±1.2","11","±17","0.5%","±0.7","48","±39","2.5%","±2.0","6","±10","0.4%","±0.7","47","±48","3.5%","±3.5","239","±120","20.0%","±8.7","343","±322","11.3%","±10.4","9","±19","0.4%","±0.8","127","±100","5.9%","±4.6","168","±138","9.0%","±7.1","44","±48","4.1%","±4.1","0","±13","0.0%","±3.6","260","±204","17.9%","±11.9","144","±94","3.8%","±2.5","12","±19","1.0%","±1.6","197","±195","5.4%","±5.4","299","±185","7.1%","±4.4","61","±55","2.8%","±2.6","275","±253","9.4%","±8.4","189","±139","4.8%","±3.5","24","±37","1.5%","±2.3","225","±136","5.3%","±3.2","11","±18","1.0%","±1.7","59","±70","2.1%","±2.5","6","±7","0.3%","±0.4","45","±56","2.5%","±3.1","0","±13","-","**","0","±13","-","**","0","±13","-","**"
"            Mexican","39","±120","4.1%","±12.7","0","±13","0.0%","±1.7","0","±13","0.0%","±1.6","0","±13","0.0%","±3.1","20","±36","0.4%","±0.8","0","±13","0.0%","±1.7","19","±22","1.0%","±1.1","0","±13","0.0%","±2.7","20","±31","1.5%","±2.3","0","±13","0.0%","±3.3","305","±320","10.1%","±10.3","0","±13","0.0%","±1.8","111","±98","5.1%","±4.5","64","±58","3.4%","±3.0","6","±11","0.6%","±1.0","0","±13","0.0%","±3.6","139","±146","9.6%","±9.4","103","±98","2.7%","±2.6","0","±13","0.0%","±3.3","131","±117","3.6%","±3.2","15","±31","0.4%","±0.7","57","±51","2.6%","±2.4","265","±259","9.1%","±8.6","119","±126","3.0%","±3.1","0","±13","0.0%","±2.4","109","±100","2.6%","±2.3","11","±18","1.0%","±1.7","8","±12","0.3%","±0.4","0","±13","0.0%","±2.3","0","±13","0.0%","±2.2","0","±13","-","**","0","±13","-","**","0","±13","-","**"
"            Puerto Rican","0","±13","0.0%","±4.2","0","±13","0.0%","±1.7","0","±13","0.0%","±1.6","0","±13","0.0%","±3.1","0","±13","0.0%","±0.8","11","±17","0.5%","±0.7","5","±9","0.3%","±0.5","0","±13","0.0%","±2.7","0","±13","0.0%","±2.9","234","±119","19.6%","±8.6","26","±33","0.9%","±1.1","9","±19","0.4%","±0.8","0","±13","0.0%","±1.8","14","±23","0.8%","±1.3","13","±19","1.2%","±1.8","0","±13","0.0%","±3.6","0","±13","0.0%","±2.7","0","±13","0.0%","±1.1","0","±13","0.0%","±3.3","9","±16","0.2%","±0.4","77","±100","1.8%","±2.3","0","±13","0.0%","±1.8","0","±13","0.0%","±1.4","48","±62","1.2%","±1.6","24","±37","1.5%","±2.3","62","±81","1.5%","±1.9","0","±13","0.0%","±3.7","0","±13","0.0%","±1.4","0","±13","0.0%","±2.3","4","±10","0.2%","±0.6","0","±13","-","**","0","±13","-","**","0","±13","-","**"
"            Cuban","0","±13","0.0%","±4.2","19","±33","0.8%","±1.5","0","±13","0.0%","±1.6","0","±13","0.0%","±3.1","0","±13","0.0%","±0.8","0","±13","0.0%","±1.7","17","±27","0.9%","±1.4","0","±13","0.0%","±2.7","21","±29","1.6%","±2.1","0","±13","0.0%","±3.3","0","±13","0.0%","±1.3","0","±13","0.0%","±1.8","0","±13","0.0%","±1.8","21","±33","1.1%","±1.7","25","±41","2.3%","±3.6","0","±13","0.0%","±3.6","0","±13","0.0%","±2.7","5","±7","0.1%","±0.2","0","±13","0.0%","±3.3","0","±13","0.0%","±1.1","13","±21","0.3%","±0.5","0","±13","0.0%","±1.8","0","±13","0.0%","±1.4","18","±26","0.5%","±0.7","0","±13","0.0%","±2.4","0","±13","0.0%","±0.9","0","±13","0.0%","±3.7","0","±13","0.0%","±1.4","0","±13","0.0%","±2.3","16","±33","0.9%","±1.9","0","±13","-","**","0","±13","-","**","0","±13","-","**"
"            Other Hispanic or Latino","0","±13","0.0%","±4.2","9","±14","0.4%","±0.6","0","±13","0.0%","±1.6","50","±79","4.0%","±6.1","39","±45","0.8%","±1.0","0","±13","0.0%","±1.7","7","±11","0.4%","±0.6","6","±10","0.4%","±0.7","6","±9","0.4%","±0.7","5","±8","0.4%","±0.7","12","±21","0.4%","±0.7","0","±13","0.0%","±1.8","16","±25","0.7%","±1.2","69","±83","3.7%","±4.3","0","±13","0.0%","±3.7","0","±13","0.0%","±3.6","121","±143","8.3%","±9.1","36","±31","1.0%","±0.8","12","±19","1.0%","±1.6","57","±88","1.6%","±2.4","194","±172","4.6%","±4.1","4","±8","0.2%","±0.4","10","±26","0.3%","±0.9","4","±5","0.1%","±0.1","0","±13","0.0%","±2.4","54","±72","1.3%","±1.7","0","±13","0.0%","±3.7","51","±68","1.8%","±2.4","6","±7","0.3%","±0.4","25","±45","1.4%","±2.5","0","±13","-","**","0","±13","-","**","0","±13","-","**"
"        Not Hispanic or Latino","901","±257","95.9%","±12.7","2,364","±405","98.8%","±1.6","2,477","±357","100.0%","±1.6","1,200","±196","96.0%","±6.1","4,627","±604","98.7%","±1.2","2,313","±282","99.5%","±0.7","1,889","±256","97.5%","±2.0","1,438","±241","99.6%","±0.7","1,304","±200","96.5%","±3.5","957","±153","80.0%","±8.7","2,690","±466","88.7%","±10.4","2,195","±261","99.6%","±0.8","2,035","±259","94.1%","±4.6","1,693","±253","91.0%","±7.1","1,026","±172","95.9%","±4.1","1,105","±151","100.0%","±3.6","1,192","±220","82.1%","±11.9","3,623","±383","96.2%","±2.5","1,196","±253","99.0%","±1.6","3,432","±610","94.6%","±5.4","3,914","±464","92.9%","±4.4","2,100","±282","97.2%","±2.6","2,639","±340","90.6%","±8.4","3,717","±382","95.2%","±3.5","1,610","±226","98.5%","±2.3","4,038","±507","94.7%","±3.2","1,045","±158","99.0%","±1.7","2,729","±171","97.9%","±2.5","1,730","±166","99.7%","±0.4","1,740","±303","97.5%","±3.1","0","±13","-","**","0","±13","-","**","0","±13","-","**"
"            White alone","862","±251","91.7%","±12.7","2,261","±412","94.5%","±4.3","2,440","±356","98.5%","±1.4","1,155","±185","92.4%","±7.2","3,388","±592","72.3%","±7.5","1,916","±286","82.4%","±6.2","1,420","±212","73.3%","±6.0","1,250","±231","86.6%","±7.4","963","±165","71.3%","±8.6","893","±151","74.7%","±8.6","2,322","±419","76.6%","±9.2","2,146","±261","97.4%","±2.3","1,680","±220","77.7%","±7.2","1,480","±238","79.5%","±8.8","997","±178","93.2%","±4.6","992","±124","89.8%","±10.7","1,139","±212","78.4%","±12.0","3,319","±385","88.1%","±4.4","1,099","±248","91.0%","±6.1","3,296","±599","90.8%","±5.9","3,553","±468","84.3%","±5.9","1,932","±283","89.4%","±5.6","2,446","±340","83.9%","±8.0","3,442","±371","88.1%","±4.2","1,351","±209","82.7%","±6.6","3,838","±500","90.0%","±3.2","903","±158","85.5%","±8.6","2,546","±199","91.3%","±4.5","1,692","±161","97.5%","±1.7","1,712","±303","95.9%","±3.4","0","±13","-","**","0","±13","-","**","0","±13","-","**"
"            Black or African American alone","34","±33","3.6%","±3.6","45","±56","1.9%","±2.4","0","±13","0.0%","±1.6","33","±60","2.6%","±4.8","955","±251","20.4%","±5.1","202","±124","8.7%","±5.2","401","±133","20.7%","±5.9","149","±111","10.3%","±7.4","227","±101","16.8%","±6.6","19","±25","1.6%","±2.2","65","±55","2.1%","±1.8","34","±42","1.5%","±1.9","109","±80","5.0%","±3.6","47","±46","2.5%","±2.5","13","±22","1.2%","±2.1","0","±13","0.0%","±3.6","48","±61","3.3%","±4.1","36","±47","1.0%","±1.3","22","±25","1.8%","±2.1","24","±32","0.7%","±0.9","221","±101","5.2%","±2.4","34","±54","1.6%","±2.5","104","±74","3.6%","±2.6","89","±94","2.3%","±2.3","12","±20","0.7%","±1.2","42","±57","1.0%","±1.3","7","±13","0.7%","±1.2","7","±12","0.3%","±0.4","10","±14","0.6%","±0.8","12","±19","0.7%","±1.0","0","±13","-","**","0","±13","-","**","0","±13","-","**"
"            American Indian and Alaska Native alone","0","±13","0.0%","±4.2","0","±13","0.0%","±1.7","0","±13","0.0%","±1.6","0","±13","0.0%","±3.1","91","±87","1.9%","±1.9","0","±13","0.0%","±1.7","7","±15","0.4%","±0.8","0","±13","0.0%","±2.7","5","±7","0.4%","±0.5","0","±13","0.0%","±3.3","0","±13","0.0%","±1.3","4","±6","0.2%","±0.3","0","±13","0.0%","±1.8","0","±13","0.0%","±2.1","3","±6","0.3%","±0.6","0","±13","0.0%","±3.6","0","±13","0.0%","±2.7","0","±13","0.0%","±1.1","8","±10","0.7%","±0.8","8","±12","0.2%","±0.3","0","±13","0.0%","±0.9","16","±22","0.7%","±1.0","7","±14","0.2%","±0.5","9","±11","0.2%","±0.3","3","±6","0.2%","±0.4","4","±6","0.1%","±0.1","2","±3","0.2%","±0.3","40","±42","1.4%","±1.5","0","±13","0.0%","±2.3","1","±3","0.1%","±0.2","0","±13","-","**","0","±13","-","**","0","±13","-","**"
"            Asian alone","0","±13","0.0%","±4.2","7","±17","0.3%","±0.7","0","±13","0.0%","±1.6","8","±16","0.6%","±1.2","0","±13","0.0%","±0.8","0","±13","0.0%","±1.7","11","±22","0.6%","±1.1","15","±21","1.0%","±1.5","15","±23","1.1%","±1.7","0","±13","0.0%","±3.3","56","±54","1.8%","±1.8","0","±13","0.0%","±1.8","92","±83","4.3%","±3.7","106","±89","5.7%","±4.5","0","±13","0.0%","±3.7","113","±128","10.2%","±10.7","0","±13","0.0%","±2.7","137","±110","3.6%","±2.9","40","±55","3.3%","±4.4","30","±35","0.8%","±1.0","58","±57","1.4%","±1.3","0","±13","0.0%","±1.8","29","±41","1.0%","±1.4","69","±47","1.8%","±1.2","59","±64","3.6%","±4.0","22","±23","0.5%","±0.5","0","±13","0.0%","±3.7","0","±13","0.0%","±1.4","11","±20","0.6%","±1.1","0","±13","0.0%","±2.2","0","±13","-","**","0","±13","-","**","0","±13","-","**"
"            Native Hawaiian and Other Pacific Islander alone","2","±4","0.2%","±0.5","0","±13","0.0%","±1.7","0","±13","0.0%","±1.6","0","±13","0.0%","±3.1","0","±13","0.0%","±0.8","0","±13","0.0%","±1.7","0","±13","0.0%","±2.0","0","±13","0.0%","±2.7","0","±13","0.0%","±2.9","4","±9","0.3%","±0.8","0","±13","0.0%","±1.3","0","±13","0.0%","±1.8","0","±13","0.0%","±1.8","0","±13","0.0%","±2.1","0","±13","0.0%","±3.7","0","±13","0.0%","±3.6","0","±13","0.0%","±2.7","0","±13","0.0%","±1.1","0","±13","0.0%","±3.3","0","±13","0.0%","±1.1","0","±13","0.0%","±0.9","0","±13","0.0%","±1.8","0","±13","0.0%","±1.4","0","±13","0.0%","±1.0","0","±13","0.0%","±2.4","7","±11","0.2%","±0.3","0","±13","0.0%","±3.7","18","±30","0.6%","±1.1","0","±13","0.0%","±2.3","0","±13","0.0%","±2.2","0","±13","-","**","0","±13","-","**","0","±13","-","**"
"            Some other race alone","0","±13","0.0%","±4.2","0","±13","0.0%","±1.7","14","±20","0.6%","±0.8","0","±13","0.0%","±3.1","0","±13","0.0%","±0.8","60","±58","2.6%","±2.5","0","±13","0.0%","±2.0","0","±13","0.0%","±2.7","0","±13","0.0%","±2.9","0","±13","0.0%","±3.3","0","±13","0.0%","±1.3","0","±13","0.0%","±1.8","0","±13","0.0%","±1.8","0","±13","0.0%","±2.1","0","±13","0.0%","±3.7","0","±13","0.0%","±3.6","0","±13","0.0%","±2.7","15","±23","0.4%","±0.6","0","±13","0.0%","±3.3","0","±13","0.0%","±1.1","0","±13","0.0%","±0.9","0","±13","0.0%","±1.8","0","±13","0.0%","±1.4","19","±33","0.5%","±0.8","0","±13","0.0%","±2.4","10","±15","0.2%","±0.4","0","±13","0.0%","±3.7","0","±13","0.0%","±1.4","0","±13","0.0%","±2.3","0","±13","0.0%","±2.2","0","±13","-","**","0","±13","-","**","0","±13","-","**"
"            Two or more races","3","±7","0.3%","±0.7","51","±53","2.1%","±2.3","23","±27","0.9%","±1.1","4","±6","0.3%","±0.5","193","±139","4.1%","±2.9","135","±92","5.8%","±4.0","50","±34","2.6%","±1.8","24","±18","1.7%","±1.2","94","±91","7.0%","±6.5","41","±37","3.4%","±3.3","247","±172","8.1%","±5.8","11","±12","0.5%","±0.5","154","±112","7.1%","±5.0","60","±43","3.2%","±2.3","13","±15","1.2%","±1.4","0","±13","0.0%","±3.6","5","±9","0.3%","±0.6","116","±55","3.1%","±1.5","27","±38","2.2%","±3.2","74","±83","2.0%","±2.3","82","±73","1.9%","±1.7","118","±88","5.5%","±4.1","53","±36","1.8%","±1.3","89","±66","2.3%","±1.7","185","±96","11.3%","±5.6","115","±64","2.7%","±1.5","133","±92","12.6%","±8.3","118","±95","4.2%","±3.4","17","±16","1.0%","±0.9","15","±18","0.8%","±1.0","0","±13","-","**","0","±13","-","**","0","±13","-","**"
"                Two races including Some other race","0","±13","0.0%","±4.2","0","±13","0.0%","±1.7","0","±13","0.0%","±1.6","0","±13","0.0%","±3.1","0","±13","0.0%","±0.8","0","±13","0.0%","±1.7","8","±12","0.4%","±0.6","0","±13","0.0%","±2.7","7","±10","0.5%","±0.8","0","±13","0.0%","±3.3","0","±13","0.0%","±1.3","0","±13","0.0%","±1.8","0","±13","0.0%","±1.8","0","±13","0.0%","±2.1","0","±13","0.0%","±3.7","0","±13","0.0%","±3.6","5","±9","0.3%","±0.6","0","±13","0.0%","±1.1","0","±13","0.0%","±3.3","0","±13","0.0%","±1.1","0","±13","0.0%","±0.9","46","±67","2.1%","±3.1","0","±13","0.0%","±1.4","10","±14","0.3%","±0.4","0","±13","0.0%","±2.4","10","±14","0.2%","±0.3","58","±82","5.5%","±7.5","41","±48","1.5%","±1.7","6","±8","0.3%","±0.5","11","±16","0.6%","±0.9","0","±13","-","**","0","±13","-","**","0","±13","-","**"
"                Two races excluding Some other race, and Three or more races","3","±7","0.3%","±0.7","51","±53","2.1%","±2.3","23","±27","0.9%","±1.1","4","±6","0.3%","±0.5","193","±139","4.1%","±2.9","135","±92","5.8%","±4.0","42","±31","2.2%","±1.6","24","±18","1.7%","±1.2","87","±91","6.4%","±6.5","41","±37","3.4%","±3.3","247","±172","8.1%","±5.8","11","±12","0.5%","±0.5","154","±112","7.1%","±5.0","60","±43","3.2%","±2.3","13","±15","1.2%","±1.4","0","±13","0.0%","±3.6","0","±13","0.0%","±2.7","116","±55","3.1%","±1.5","27","±38","2.2%","±3.2","74","±83","2.0%","±2.3","82","±73","1.9%","±1.7","72","±57","3.3%","±2.8","53","±36","1.8%","±1.3","79","±63","2.0%","±1.6","185","±96","11.3%","±5.6","105","±63","2.5%","±1.5","75","±52","7.1%","±5.0","77","±76","2.8%","±2.7","11","±14","0.6%","±0.8","4","±5","0.2%","±0.3","0","±13","-","**","0","±13","-","**","0","±13","-","**"
"Total housing units","685","±95","(X)","(X)","1,730","±268","(X)","(X)","1,645","±155","(X)","(X)","1,138","±91","(X)","(X)","2,419","±252","(X)","(X)","1,540","±163","(X)","(X)","1,372","±156","(X)","(X)","1,116","±143","(X)","(X)","918","±131","(X)","(X)","1,133","±136","(X)","(X)","1,395","±158","(X)","(X)","1,133","±160","(X)","(X)","1,113","±115","(X)","(X)","897","±121","(X)","(X)","629","±92","(X)","(X)","586","±89","(X)","(X)","719","±80","(X)","(X)","2,191","±172","(X)","(X)","605","±106","(X)","(X)","1,614","±173","(X)","(X)","2,129","±262","(X)","(X)","1,026","±133","(X)","(X)","1,499","±121","(X)","(X)","2,107","±190","(X)","(X)","842","±124","(X)","(X)","2,515","±216","(X)","(X)","2,917","±136","(X)","(X)","3,878","±175","(X)","(X)","4,092","±150","(X)","(X)","5,059","±250","(X)","(X)","0","±13","(X)","(X)","0","±13","(X)","(X)","0","±13","(X)","(X)"
"CITIZEN, VOTING AGE POPULATION","","","","","","","","","","","","","","","","","","","","","","","","","","","","","","","","","","","","","","","","","","","","","","","","","","","","","","","","","","","","","","","","","","","","","","","","","","","","","","","","","","","","","","","","","","","","","","","","","","","","","","","","","","","","","","","","","","","","","","","","","","","","","","","","","","","",""
"    Citizen, 18 and over population","757","±166","757","(X)","2,068","±356","2,068","(X)","2,190","±334","2,190","(X)","1,072","±196","1,072","(X)","3,943","±391","3,943","(X)","1,791","±221","1,791","(X)","1,728","±219","1,728","(X)","1,352","±231","1,352","(X)","1,091","±185","1,091","(X)","1,112","±197","1,112","(X)","2,429","±362","2,429","(X)","1,819","±229","1,819","(X)","1,608","±175","1,608","(X)","1,265","±175","1,265","(X)","855","±140","855","(X)","944","±103","944","(X)","1,031","±207","1,031","(X)","3,070","±277","3,070","(X)","906","±153","906","(X)","2,683","±377","2,683","(X)","3,471","±388","3,471","(X)","1,888","±236","1,888","(X)","2,184","±275","2,184","(X)","3,045","±326","3,045","(X)","1,274","±176","1,274","(X)","3,280","±378","3,280","(X)","935","±149","935","(X)","2,307","±160","2,307","(X)","1,555","±147","1,555","(X)","1,567","±280","1,567","(X)","0","±13","0","(X)","0","±13","0","(X)","0","±13","0","(X)"
"        Male","352","±79","46.5%","±6.6","915","±164","44.2%","±5.7","1,128","±238","51.5%","±4.8","459","±92","42.8%","±6.5","1,968","±243","49.9%","±4.1","651","±135","36.3%","±5.0","780","±130","45.1%","±5.8","556","±127","41.1%","±6.2","532","±130","48.8%","±7.0","525","±127","47.2%","±6.8","1,160","±222","47.8%","±4.6","878","±148","48.3%","±4.3","688","±109","42.8%","±4.4","535","±92","42.3%","±5.3","418","±77","48.9%","±4.7","510","±85","54.0%","±5.9","471","±108","45.7%","±6.7","1,517","±172","49.4%","±2.8","474","±106","52.3%","±4.9","1,382","±217","51.5%","±4.0","1,753","±226","50.5%","±3.9","1,077","±150","57.0%","±3.7","1,083","±186","49.6%","±4.0","1,538","±219","50.5%","±2.9","679","±115","53.3%","±4.8","1,558","±200","47.5%","±2.6","473","±82","50.6%","±4.4","1,115","±95","48.3%","±2.3","804","±97","51.7%","±2.8","804","±172","51.3%","±4.5","0","±13","-","**","0","±13","-","**","0","±13","-","**"
"        Female","405","±113","53.5%","±6.6","1,153","±259","55.8%","±5.7","1,062","±147","48.5%","±4.8","613","±149","57.2%","±6.5","1,975","±263","50.1%","±4.1","1,140","±148","63.7%","±5.0","948","±167","54.9%","±5.8","796","±159","58.9%","±6.2","559","±108","51.2%","±7.0","587","±118","52.8%","±6.8","1,269","±203","52.2%","±4.6","941","±131","51.7%","±4.3","920","±118","57.2%","±4.4","730","±130","57.7%","±5.3","437","±85","51.1%","±4.7","434","±68","46.0%","±5.9","560","±141","54.3%","±6.7","1,553","±152","50.6%","±2.8","432","±69","47.7%","±4.9","1,301","±218","48.5%","±4.0","1,718","±246","49.5%","±3.9","811","±123","43.0%","±3.7","1,101","±134","50.4%","±4.0","1,507","±148","49.5%","±2.9","595","±99","46.7%","±4.8","1,722","±214","52.5%","±2.6","462","±88","49.4%","±4.4","1,192","±98","51.7%","±2.3","751","±73","48.3%","±2.8","763","±140","48.7%","±4.5","0","±13","-","**","0","±13","-","**","0","±13","-","**"